{"APP_RESOURCES":"I:\\DevEcoStudioProjects\\MyApplication8\\AppScope\\resources","MODULE_RESOURCES":"{\"I:\\\\DevEcoStudioProjects\\\\MyApplication8\\\\products\\\\default\\\\src\\\\main\\\\resources\":\"module_compiled\"}","HAR_RESOURCES":"{\"I:\\\\DevEcoStudioProjects\\\\MyApplication8\\\\features\\\\learning\\\\src\\\\main\\\\resources\":\"har_compiled\",\"I:\\\\DevEcoStudioProjects\\\\MyApplication8\\\\features\\\\quickstart\\\\src\\\\main\\\\resources\":\"har_compiled1\",\"I:\\\\DevEcoStudioProjects\\\\MyApplication8\\\\features\\\\map\\\\src\\\\main\\\\resources\":\"har_compiled2\",\"I:\\\\DevEcoStudioProjects\\\\MyApplication8\\\\commons\\\\utils\\\\src\\\\main\\\\resources\":\"har_compiled3\",\"I:\\\\DevEcoStudioProjects\\\\MyApplication8\\\\commons\\\\uicomponents\\\\src\\\\main\\\\resources\":\"har_compiled4\"}","PREVIEW_GENERATE_SOURCE_DIR":"I:\\DevEcoStudioProjects\\MyApplication8\\products\\default\\.preview\\default\\generated\\r\\default","PREVIEW_COMPILE_MODULE_NAMES":"default,map,learning,quickstart,utils,uicomponents"}
