{"CACHE_SYNC_FILE_HASH":{"I:\\DevEcoStudioProjects\\MyApplication8\\hvigor\\hvigor-config.json5":"5c0d9409e728f44fc076477138da8b356c180cd16974ee604a7accaa949f2df0","I:\\DevEcoStudioProjects\\MyApplication8\\build-profile.json5":"e03206fce4bedfb7ec9c2edd51c573629f48afa1d2734ba462d655a7a9d1ad21","I:\\DevEcoStudioProjects\\MyApplication8\\hvigorfile.ts":"244a5a38e3a2e63b042c9665d95d1da996f89003bf95fa9035082d8d3df915a5","I:\\DevEcoStudioProjects\\MyApplication8\\oh-package.json5":"e0d8228cf9e634c4e0c864598d65d08492114edf387ca3e946ad92b563dbbd13","I:\\DevEcoStudioProjects\\MyApplication8\\products\\default\\build-profile.json5":"4918e5a4785cbc2d7f0bee099b2f3dafbca207e899b3d33e2484467f781f7c17","I:\\DevEcoStudioProjects\\MyApplication8\\products\\default\\hvigorfile.ts":"d345675782390111ff3eae2f84963132e450802a41848b439b162f8cab28525d","I:\\DevEcoStudioProjects\\MyApplication8\\products\\default\\oh-package.json5":"35e20f59259ca11ec8f3393f2fca8c071ecc96196fc7fcaa59edc06cdf60ea8c","I:\\DevEcoStudioProjects\\MyApplication8\\features\\map\\build-profile.json5":"bafaf9306b9efd20c96274999aeb371dd7f9c5e3b30f5f83ffcc676287e6d197","I:\\DevEcoStudioProjects\\MyApplication8\\features\\map\\hvigorfile.ts":"7ab268ca8825e5b327eeb1a8e34de771b93ccb2e99bb6086dcf4fa691c9cf32d","I:\\DevEcoStudioProjects\\MyApplication8\\features\\map\\oh-package.json5":"e4a2a8002fbc6a7c8babc45ac53f67b8f0b9ae1347321bf495e0cbac1e8cd460","I:\\DevEcoStudioProjects\\MyApplication8\\features\\learning\\build-profile.json5":"a0cbf2c62c91a8a9e1052cf0345d4571ff62a61906ad2a048171a9af1043c343","I:\\DevEcoStudioProjects\\MyApplication8\\features\\learning\\hvigorfile.ts":"e7f6ec8dfac570902a04a051ac0b2f68ace82faa3d3b161076d2a567459fe71a","I:\\DevEcoStudioProjects\\MyApplication8\\features\\learning\\oh-package.json5":"a2020a76de65f54ac2eda82c15a5d83c23c164095dd0f9022883642ca3d8f549","I:\\DevEcoStudioProjects\\MyApplication8\\features\\quickstart\\build-profile.json5":"853766893226f6942bbee54393ba2743322972c8b601e9ea894e0e99aa9fcca3","I:\\DevEcoStudioProjects\\MyApplication8\\features\\quickstart\\hvigorfile.ts":"f323d17e75d81e5bc85eea64018ab776ad5ece7913fe97e9aa7a636663297831","I:\\DevEcoStudioProjects\\MyApplication8\\features\\quickstart\\oh-package.json5":"ef4a0131ead491811f1bcb41e01214f569a11fd61512e9dc62988f8c34eea517","I:\\DevEcoStudioProjects\\MyApplication8\\commons\\utils\\build-profile.json5":"9e2a911cb1cc4b25600a184f9ff85f0b7032844b9e87d8ccf48f67f504a3d186","I:\\DevEcoStudioProjects\\MyApplication8\\commons\\utils\\hvigorfile.ts":"0a3458d4c8d2842fdd9db6da58031827822aeb4cd4cb53bbb2d5414d7e7e7544","I:\\DevEcoStudioProjects\\MyApplication8\\commons\\utils\\oh-package.json5":"e9fd13caf3f20bd7ee15940c1f13ce0dcff90ce7a1cecf187bb87b24c9812d97","I:\\DevEcoStudioProjects\\MyApplication8\\commons\\uicomponents\\build-profile.json5":"fd83177be0778f2e3cd4a440e1093c7853db3bcaf6e8ea7806fe3c30d5ddc5cb","I:\\DevEcoStudioProjects\\MyApplication8\\commons\\uicomponents\\hvigorfile.ts":"4df7b60afe1787b2b70d500b1c64204030226ae3e147f76db820265e61588921","I:\\DevEcoStudioProjects\\MyApplication8\\commons\\uicomponents\\oh-package.json5":"9ef30272914e7353bd2a413faa31e44a590e963499b5468d5b95400b67be44c0","I:\\DevEcoStudioProjects\\MyApplication8\\.hvigor\\outputs\\sync\\output.json":"557b279a7540b7a4a8b2f0f196e21a53bdb0e7a2f49d1447214de4ec2f5e1088","SDK_LOCATION":"H:/DevEco Studio/sdk"},"OHPM_INSTALL_FILE_HASH":{"I:\\DevEcoStudioProjects\\MyApplication8\\oh-package.json5":"e0d8228cf9e634c4e0c864598d65d08492114edf387ca3e946ad92b563dbbd13","I:\\DevEcoStudioProjects\\MyApplication8\\oh_modules\\.ohpm\\lock.json5":"18950b2f146f6922ec2868612ef1db419f943daa1a313746de3a5d9e6a8a0401","I:\\DevEcoStudioProjects\\MyApplication8\\products\\default\\oh-package.json5":"35e20f59259ca11ec8f3393f2fca8c071ecc96196fc7fcaa59edc06cdf60ea8c","I:\\DevEcoStudioProjects\\MyApplication8\\features\\map\\oh-package.json5":"e4a2a8002fbc6a7c8babc45ac53f67b8f0b9ae1347321bf495e0cbac1e8cd460","I:\\DevEcoStudioProjects\\MyApplication8\\features\\learning\\oh-package.json5":"a2020a76de65f54ac2eda82c15a5d83c23c164095dd0f9022883642ca3d8f549","I:\\DevEcoStudioProjects\\MyApplication8\\features\\quickstart\\oh-package.json5":"ef4a0131ead491811f1bcb41e01214f569a11fd61512e9dc62988f8c34eea517","I:\\DevEcoStudioProjects\\MyApplication8\\commons\\utils\\oh-package.json5":"e9fd13caf3f20bd7ee15940c1f13ce0dcff90ce7a1cecf187bb87b24c9812d97","I:\\DevEcoStudioProjects\\MyApplication8\\commons\\uicomponents\\oh-package.json5":"9ef30272914e7353bd2a413faa31e44a590e963499b5468d5b95400b67be44c0","I:\\DevEcoStudioProjects\\MyApplication8\\oh_modules":true,"I:\\DevEcoStudioProjects\\MyApplication8\\products\\default\\oh_modules":true,"I:\\DevEcoStudioProjects\\MyApplication8\\features\\map\\oh_modules":true,"I:\\DevEcoStudioProjects\\MyApplication8\\features\\learning\\oh_modules":true,"I:\\DevEcoStudioProjects\\MyApplication8\\features\\quickstart\\oh_modules":true,"I:\\DevEcoStudioProjects\\MyApplication8\\commons\\utils\\oh_modules":false,"I:\\DevEcoStudioProjects\\MyApplication8\\commons\\uicomponents\\oh_modules":false}}