{
  "HVIGOR_OHOS_PLUGIN": {
    "MODULES": [
      {
        "MODULE_NAME": "c21f969b5f03d33d43e04f8f136e7682",
        "API_TYPE": "stageMode",
        "INCREMENTAL_TASKS": {
          "COMPILE_ARKTS": true
        }
      },
      {
        "MODULE_NAME": "1d78dc8ed51214e518b5114fe24490ae",
        "API_TYPE": "stageMode"
      },
      {
        "MODULE_NAME": "25a9ac406aceb47a0c6cade972bc26fa",
        "API_TYPE": "stageMode"
      },
      {
        "MODULE_NAME": "1f921ae5a6816fd42a8d546be70f22cd",
        "API_TYPE": "stageMode"
      },
      {
        "MODULE_NAME": "2b3583e6e17721c54496bd04e57a0c15",
        "API_TYPE": "stageMode"
      },
      {
        "MODULE_NAME": "4b9fd96ea9bad44c52cdc82569434346",
        "API_TYPE": "stageMode"
      }
    ],
    "BUILD_MODE": "debug"
  },
  "HVIGOR": {
    "IS_INCREMENTAL": true,
    "IS_DAEMON": true,
    "IS_PARALLEL": true,
    "IS_HVIGORFILE_TYPE_CHECK": false,
    "TASK_TIME": {
      "c21f969b5f03d33d43e04f8f136e7682": {
        "CreateModuleInfo": 1731700,
        "PreCheckSyscap": 333500,
        "GeneratePkgContextInfo": 4602600,
        "ProcessIntegratedHsp": 2316800,
        "SyscapTransform": 2878300,
        "ProcessStartupConfig": 3496000,
        "ConfigureCmake": 471300,
        "BuildNativeWithCmake": 502600,
        "BuildJS": 6173800,
        "BuildNativeWithNinja": 2942100,
        "CompileArkTS": 1457649400,
        "PackageHap": 97603700,
        "SignHap": 2897200,
        "CollectDebugSymbol": 4413100,
        "assembleHap": 215900
      },
      "2b3583e6e17721c54496bd04e57a0c15": {
        "ConfigureCmake": 307200,
        "BuildNativeWithCmake": 954400,
        "BuildNativeWithNinja": 1499800
      },
      "4b9fd96ea9bad44c52cdc82569434346": {
        "ConfigureCmake": 274600,
        "BuildNativeWithCmake": 276200,
        "BuildNativeWithNinja": 2559200
      },
      "1d78dc8ed51214e518b5114fe24490ae": {
        "ConfigureCmake": 1386000,
        "BuildNativeWithCmake": 343100,
        "BuildNativeWithNinja": 2519400
      },
      "25a9ac406aceb47a0c6cade972bc26fa": {
        "ConfigureCmake": 458100,
        "BuildNativeWithCmake": 351600,
        "BuildNativeWithNinja": 2233800
      },
      "1f921ae5a6816fd42a8d546be70f22cd": {
        "ConfigureCmake": 388400,
        "BuildNativeWithCmake": 357200,
        "BuildNativeWithNinja": 2446600
      }
    },
    "CONFIG_PROPERTIES": {
      "enableSignTask": true,
      "skipNativeIncremental": false,
      "hvigor_keepDependency": true
    },
    "TOTAL_TIME": 2416139500,
    "BUILD_ID": "202507111814035130"
  }
}