{"deviceType":"phone,tablet,2in1","buildMode":"debug","note":"false","logLevel":"3","isPreview":"true","port":"29900","checkEntry":"true","localPropertiesPath":"I:\\DevEcoStudioProjects\\MyApplication8\\local.properties","Path":"H:\\DevEco Studio\\tools\\node\\","aceProfilePath":"I:\\DevEcoStudioProjects\\MyApplication8\\products\\default\\.preview\\default\\intermediates\\res\\default\\resources\\base\\profile","hapMode":"false","img2bin":"true","projectProfilePath":"I:\\DevEcoStudioProjects\\MyApplication8\\build-profile.json5","watchMode":"true","appResource":"I:\\DevEcoStudioProjects\\MyApplication8\\products\\default\\.preview\\default\\intermediates\\res\\default\\ResourceTable.txt","aceBuildJson":"I:\\DevEcoStudioProjects\\MyApplication8\\products\\default\\.preview\\default\\intermediates\\loader\\default\\loader.json","aceModuleRoot":"I:\\DevEcoStudioProjects\\MyApplication8\\products\\default\\src\\main\\ets","aceSoPath":"I:\\DevEcoStudioProjects\\MyApplication8\\products\\default\\.preview\\cache\\nativeDependencies.txt","cachePath":"I:\\DevEcoStudioProjects\\MyApplication8\\products\\default\\.preview\\cache\\.default","aceModuleBuild":"I:\\DevEcoStudioProjects\\MyApplication8\\products\\default\\.preview\\default\\intermediates\\assets\\default\\ets","aceModuleJsonPath":"I:\\DevEcoStudioProjects\\MyApplication8\\products\\default\\.preview\\default\\intermediates\\res\\default\\module.json","stageRouterConfig":{"paths":["I:\\DevEcoStudioProjects\\MyApplication8\\products\\default\\.preview\\default\\intermediates\\res\\default\\module.json","I:\\DevEcoStudioProjects\\MyApplication8\\products\\default\\.preview\\default\\intermediates\\res\\default\\resources\\base\\profile\\main_pages.json"],"contents":["{\"module\":{\"pages\":\"$profile:main_pages\",\"name\":\"default\"}}","{\"src\":[\"pages/Index\"]}"]}}