{"resolveConflictMode":true,"depName2RootPath":{"learning":"I:\\DevEcoStudioProjects\\MyApplication8\\features\\learning","quickstart":"I:\\DevEcoStudioProjects\\MyApplication8\\features\\quickstart","map":"I:\\DevEcoStudioProjects\\MyApplication8\\features\\map","utils":"I:\\DevEcoStudioProjects\\MyApplication8\\commons\\utils","uicomponents":"I:\\DevEcoStudioProjects\\MyApplication8\\commons\\uicomponents"},"depName2DepInfo":{"learning":{"pkgRootPath":"I:\\DevEcoStudioProjects\\MyApplication8\\features\\learning","pkgName":"learning","pkgVersion":"1.0.0"},"quickstart":{"pkgRootPath":"I:\\DevEcoStudioProjects\\MyApplication8\\features\\quickstart","pkgName":"quickstart","pkgVersion":"1.0.0"},"map":{"pkgRootPath":"I:\\DevEcoStudioProjects\\MyApplication8\\features\\map","pkgName":"map","pkgVersion":"1.0.0"},"utils":{"pkgRootPath":"I:\\DevEcoStudioProjects\\MyApplication8\\commons\\utils","pkgName":"utils","pkgVersion":"1.0.0"},"uicomponents":{"pkgRootPath":"I:\\DevEcoStudioProjects\\MyApplication8\\commons\\uicomponents","pkgName":"uicomponents","pkgVersion":"1.0.0"}}}
