{
  "default|utils|1.0.0|Index.ts": {
    "version": 3,
    "file": "Index.ets",
    "sourceRoot": "",
    "sources": [
      "commons/utils/Index.ets"
    ],
    "names": [],
    "mappings": "OAAO,EAAE,OAAO,EAAE;OAEX,EAAE,gBAAgB,EAAE,kBAAkB,EAAE,cAAc,EAAE",
    "entry-package-info": "default|1.0.0",
    "package-info": "utils|1.0.0"
  },
  "default|utils|1.0.0|src/main/ets/utils/BreakpointSystem.ts": {
    "version": 3,
    "file": "BreakpointSystem.ets",
    "sourceRoot": "",
    "sources": [
      "commons/utils/src/main/ets/utils/BreakpointSystem.ets"
    ],
    "names": [],
    "mappings": "YAAS,UAAU;AAEnB,OAAO,WAAW,oBAAoB,CAAC,CAAC;IACtC,EAAE,CAAC,EAAE,CAAC,CAAA;IACN,EAAE,CAAC,EAAE,CAAC,CAAA;IACN,EAAE,CAAC,EAAE,CAAC,CAAA;IACN,EAAE,CAAC,EAAE,CAAC,CAAA;IACN,EAAE,CAAC,EAAE,CAAC,CAAA;IACN,GAAG,CAAC,EAAE,CAAC,CAAA;CACR;AAED,MAAM,OAAO,cAAc,CAAC,CAAC;IAC3B,OAAO,EAAE,oBAAoB,CAAC,CAAC,CAAC,CAAC;IAEjC,YAAY,MAAM,EAAE,oBAAoB,CAAC,CAAC,CAAC;QACzC,IAAI,CAAC,OAAO,GAAG,MAAM,CAAA;IACvB,CAAC;IAED,QAAQ,CAAC,iBAAiB,EAAE,MAAM;QAChC,IAAI,iBAAiB,KAAK,IAAI,EAAE;YAC9B,OAAO,IAAI,CAAC,OAAO,CAAC,EAAE,CAAC;SACxB;aAAM,IAAI,iBAAiB,KAAK,IAAI,EAAE;YACrC,OAAO,IAAI,CAAC,OAAO,CAAC,EAAE,CAAC;SACxB;aAAM,IAAI,iBAAiB,KAAK,IAAI,EAAE;YACrC,OAAO,IAAI,CAAC,OAAO,CAAC,EAAE,CAAC;SACxB;aAAM,IAAI,iBAAiB,KAAK,IAAI,EAAE;YACrC,OAAO,IAAI,CAAC,OAAO,CAAC,EAAE,CAAC;SACxB;aAAM,IAAI,iBAAiB,KAAK,IAAI,EAAE;YACrC,OAAO,IAAI,CAAC,OAAO,CAAC,EAAE,CAAC;SACxB;aAAM,IAAI,iBAAiB,KAAK,KAAK,EAAE;YACtC,OAAO,IAAI,CAAC,OAAO,CAAC,GAAG,CAAC;SACzB;aAAM;YACL,OAAO,SAAS,CAAC;SAClB;IACH,CAAC;CACF;AAED,UAAU,UAAU;IAClB,IAAI,EAAE,MAAM,CAAC;IACb,IAAI,EAAE,MAAM,CAAC;IACb,kBAAkB,CAAC,EAAE,UAAU,CAAC,kBAAkB,CAAA;CACnD;AAED,MAAM,MAAM,kBAAkB;IAC5B,EAAE,OAAO;IACT,EAAE,OAAO;IACT,EAAE,OAAO;IACT,EAAE,OAAO;CACV;AAED,MAAM,OAAO,gBAAgB;IAC3B,OAAO,CAAC,iBAAiB,EAAE,MAAM,GAAG,IAAI,CAAC;IACzC,OAAO,CAAC,WAAW,EAAE,UAAU,EAAE,GAAG;QAClC,EAAE,IAAI,EAAE,IAAI,EAAE,IAAI,EAAE,GAAG,EAAE;QACzB,EAAE,IAAI,EAAE,IAAI,EAAE,IAAI,EAAE,GAAG,EAAE;QACzB,EAAE,IAAI,EAAE,IAAI,EAAE,IAAI,EAAE,GAAG,EAAE;QACzB,EAAE,IAAI,EAAE,IAAI,EAAE,IAAI,EAAE,IAAI,EAAE;KAC3B,CAAC;IAEF,OAAO,CAAC,uBAAuB,CAAC,UAAU,EAAE,MAAM;QAChD,IAAI,IAAI,CAAC,iBAAiB,KAAK,UAAU,EAAE;YACzC,IAAI,CAAC,iBAAiB,GAAG,UAAU,CAAC;YACpC,UAAU,CAAC,WAAW,CAAC,MAAM,EAAE,mBAAmB,EAAE,IAAI,CAAC,iBAAiB,CAAC,CAAC;YAC5E,OAAO,CAAC,GAAG,CAAC,yBAAyB,GAAG,IAAI,CAAC,iBAAiB,CAAC,CAAC;SACjE;IACH,CAAC;IAED,MAAM,CAAC,QAAQ;QACb,IAAI,CAAC,WAAW,CAAC,OAAO,CAAC,CAAC,UAAU,EAAE,UAAU,EAAE,KAAK,EAAE,EAAE;YACzD,IAAI,SAAS,EAAE,MAAM,CAAC;YACtB,IAAI,KAAK,KAAK,IAAI,CAAC,WAAW,CAAC,MAAM,GAAG,CAAC,EAAE;gBACzC,SAAS,GAAG,GAAG,GAAG,UAAU,CAAC,IAAI,GAAG,WAAW,GAAG,GAAG,CAAC;aACvD;iBAAM;gBACL,SAAS,GAAG,GAAG,GAAG,UAAU,CAAC,IAAI,GAAG,YAAY,GAAG,IAAI,CAAC,WAAW,CAAC,KAAK,GAAG,CAAC,CAAC,CAAC,IAAI,GAAG,KAAK,CAAC;aAC7F;YACD,IAAI,SAAS,EAAE,SAAS,GAAE,UAAU,CAAC,GAAG,CAAC,WAAW,CAAC,IAAI,SAAS,CAAC;YACnE,UAAU,CAAC,kBAAkB,GAAG,SAAS,CAAC,aAAa,EAAE,CAAC,cAAc,CAAC,SAAS,CAAC,CAAC;YACpF,UAAU,CAAC,kBAAkB,CAAC,EAAE,CAAC,QAAQ,EAAE,CAAC,gBAAgB,EAAE,EAAE;gBAC9D,IAAI,gBAAgB,CAAC,OAAO,EAAE;oBAC5B,IAAI,CAAC,uBAAuB,CAAC,UAAU,CAAC,IAAI,CAAC,CAAC;iBAC/C;YACH,CAAC,CAAC,CAAA;QACJ,CAAC,CAAC,CAAA;IACJ,CAAC;IAED,MAAM,CAAC,UAAU;QACf,IAAI,CAAC,WAAW,CAAC,OAAO,CAAC,CAAC,UAAU,EAAE,UAAU,EAAE,EAAE;YAClD,IAAI,UAAU,CAAC,kBAAkB,EAAE;gBACjC,UAAU,CAAC,kBAAkB,CAAC,GAAG,CAAC,QAAQ,CAAC,CAAC;aAC7C;QACH,CAAC,CAAC,CAAA;IACJ,CAAC;CACF",
    "entry-package-info": "default|1.0.0",
    "package-info": "utils|1.0.0"
  },
  "default|utils|1.0.0|src/main/ets/utils/Speaker.ts": {
    "version": 3,
    "file": "Speaker.ets",
    "sourceRoot": "",
    "sources": [
      "commons/utils/src/main/ets/utils/Speaker.ets"
    ],
    "names": [],
    "mappings": "OAAS,YAAY;cACZ,aAAa,IAAb,aAAa;OAAE,OAAO;AAE/B,MAAM,OAAO,OAAO;IAClB,SAAS,CAAC,EAAE,YAAY,CAAC,kBAAkB,CAAC;IAC5C,UAAU,EAAE,MAAM,CAAC,MAAM,EAAE,MAAM,CAAC,GAAG;QACnC,WAAW,EAAE,CAAC;QACd,OAAO,EAAE,CAAC;QACV,QAAQ,EAAE,CAAC;QACX,OAAO,EAAE,CAAC;QACV,iBAAiB,EAAE,OAAO;QAC1B,WAAW,EAAE,KAAK;QAClB,cAAc,EAAE,CAAC;QACjB,UAAU,EAAE,CAAC;KACd,CAAC;IACF,cAAc,EAAE,YAAY,CAAC,kBAAkB,GAAG;QAChD,QAAQ,EAAE,OAAO;QACjB,MAAM,EAAE,CAAC;QACT,MAAM,EAAE,CAAC;QACT,WAAW,EAAE,EAAE,OAAO,EAAE,uBAAuB,EAAE,QAAQ,EAAE,IAAI,EAAE,MAAM,EAAE,YAAY,EAAE;KACxF,CAAC;IACF,aAAa,CAAC,EAAE,YAAY,CAAC,aAAa,CAAC;IAE3C;QACE,IAAI,CAAC,YAAY,EAAE,CAAA;QACnB,IAAI,CAAC,YAAY,EAAE,CAAA;IACrB,CAAC;IAED,YAAY;QACV,IAAI,CAAC,aAAa,GAAG;YACnB,OAAO,CAAC,SAAS,EAAE,MAAM,EAAE,QAAQ,EAAE,YAAY,CAAC,aAAa;YAC/D,CAAC;YAED,UAAU,CAAC,SAAS,EAAE,MAAM,EAAE,QAAQ,EAAE,YAAY,CAAC,gBAAgB;gBACnE,IAAI,QAAQ,CAAC,IAAI,KAAK,CAAC,EAAE;oBACvB,OAAO,CAAC,IAAI,CAAC,SAAS,CAAC,CAAC;iBACzB;YACH,CAAC;YAED,MAAM,CAAC,SAAS,EAAE,MAAM,EAAE,QAAQ,EAAE,YAAY,CAAC,YAAY;gBAC3D,IAAI,QAAQ,CAAC,IAAI,KAAK,CAAC,EAAE;oBACvB,OAAO,CAAC,IAAI,CAAC,SAAS,CAAC,CAAC;iBACzB;YACH,CAAC;YAED,MAAM,CAAC,SAAS,EAAE,MAAM,EAAE,KAAK,EAAE,WAAW,EAAE,QAAQ,EAAE,YAAY,CAAC,iBAAiB;YACtF,CAAC;YAED,OAAO,CAAC,SAAS,EAAE,MAAM,EAAE,SAAS,EAAE,MAAM,EAAE,YAAY,EAAE,MAAM;YAClE,CAAC;SACF,CAAC;IACJ,CAAC;IAED,YAAY;QACV,IAAI;YACF,YAAY,CAAC,YAAY,CAAC,IAAI,CAAC,cAAc,EAC3C,CAAC,GAAG,EAAE,aAAa,EAAE,kBAAkB,EAAE,YAAY,CAAC,kBAAkB,EAAE,EAAE;gBAC1E,IAAI,CAAC,GAAG,EAAE;oBACR,IAAI,CAAC,SAAS,GAAG,kBAAkB,CAAC;oBACpC,IAAI,CAAC,SAAS,CAAC,WAAW,CAAC,IAAI,CAAC,aAAa,CAAC,CAAC;iBAChD;qBAAM;iBACN;YACH,CAAC,CAAC,CAAC;SACN;QAAC,OAAO,KAAK,EAAE;YACd,IAAI,OAAO,GAAG,CAAC,KAAK,IAAI,aAAa,CAAC,CAAC,OAAO,CAAC;YAC/C,IAAI,IAAI,GAAG,CAAC,KAAK,IAAI,aAAa,CAAC,CAAC,IAAI,CAAC;SAC1C;IACH,CAAC;IAED,UAAU,CAAC,OAAO,EAAE,MAAM;QACxB,IAAI,WAAW,EAAE,YAAY,CAAC,WAAW,GAAG;YAC1C,SAAS,EAAE,IAAI,CAAC,GAAG,EAAE,CAAC,QAAQ,EAAE;YAChC,WAAW,EAAE,IAAI,CAAC,UAAU;SAC7B,CAAC;QACF,IAAI,CAAC,SAAS,EAAE,KAAK,CAAC,OAAO,EAAE,WAAW,CAAC,CAAC;IAC9C,CAAC;IAED,SAAS;QACP,IAAI,CAAC,SAAS,EAAE,IAAI,EAAE,CAAC;IACzB,CAAC;IAED,cAAc;QACZ,IAAI,CAAC,SAAS,EAAE,QAAQ,EAAE,CAAC;IAC7B,CAAC;CACF",
    "entry-package-info": "default|1.0.0",
    "package-info": "utils|1.0.0"
  },
  "default|learning|1.0.0|Index.ts": {
    "version": 3,
    "file": "Index.ets",
    "sourceRoot": "",
    "sources": [
      "features/learning/Index.ets"
    ],
    "names": [],
    "mappings": "OAAO,EAAE,cAAc,EAAE",
    "entry-package-info": "default|1.0.0",
    "package-info": "learning|1.0.0"
  },
  "default|learning|1.0.0|src/main/ets/pages/CourseLearning.ts": {
    "version": 3,
    "file": "CourseLearning.ets",
    "sourceRoot": "",
    "sources": [
      "features/learning/src/main/ets/pages/CourseLearning.ets"
    ],
    "names": [],
    "mappings": ";;;;IAIU,iBAAiB,GAAE,OAAO,CAAC,iBAAiB;;OAJ7C,OAAO;AAGhB,MAAM,OAAQ,cAAc;IAD5B;;;;;iCAEyD,IAAI,OAAO,CAAC,iBAAiB,EAAE;;;KAJlD;;;;;;;;;;;;;;IAIpC,OAAO,oBAAoB,OAAO,CAAC,iBAAiB,CAAmC;IAEvF;;YACE,MAAM;;;;YACJ,GAAG,QAAC,EAAE,GAAG,qCAAW,4BAA4B,mEAAC,EAAE,UAAU,EAAE,IAAI,CAAC,iBAAiB,EAAE;;YAAvF,GAAG,CACA,gBAAgB,CAAC,IAAI;;QAF1B,MAAM;KAIP",
    "entry-package-info": "default|1.0.0",
    "package-info": "learning|1.0.0"
  },
  "default|map|1.0.0|Index.ts": {
    "version": 3,
    "file": "Index.ets",
    "sourceRoot": "",
    "sources": [
      "features/map/Index.ets"
    ],
    "names": [],
    "mappings": "OAAO,EAAE,YAAY,EAAE",
    "entry-package-info": "default|1.0.0",
    "package-info": "map|1.0.0"
  },
  "default|map|1.0.0|src/main/ets/pages/KnowledgeMap.ts": {
    "version": 3,
    "file": "KnowledgeMap.ets",
    "sourceRoot": "",
    "sources": [
      "features/map/src/main/ets/pages/KnowledgeMap.ets"
    ],
    "names": [],
    "mappings": ";;;;IAOS,UAAU,GAAE,cAAc,EAAE;IASD,qBAAqB,GAAE,YAAY;IAC9D,kBAAkB,GAAE,MAAM;IAC1B,QAAQ,GAAE,OAAO,EAAE;;OAlBrB,EAAE,mBAAmB,EAAW;cAAT,OAAO;OAC9B,EAAE,UAAU,EAAkB;cAAhB,cAAc;cAC1B,aAAa,IAAb,aAAa;OACb,IAAI;AAGb,MAAM,OAAQ,YAAY;IAD1B;;;;;yDAEwC;YACpC,EAAE,KAAK,EAAE,IAAI,EAAE,KAAK,EAAE,OAAO,EAAE;YAC/B,EAAE,KAAK,EAAE,IAAI,EAAE,KAAK,EAAE,MAAM,EAAE;YAC9B,EAAE,KAAK,EAAE,IAAI,EAAE,KAAK,EAAE,MAAM,EAAE;YAC9B,EAAE,KAAK,EAAE,IAAI,EAAE,KAAK,EAAE,IAAI,EAAE;YAC5B,EAAE,KAAK,EAAE,IAAI,EAAE,KAAK,EAAE,MAAM,EAAE;YAC9B,EAAE,KAAK,EAAE,IAAI,EAAE,KAAK,EAAE,MAAM,EAAE;YAC9B,EAAE,KAAK,EAAE,IAAI,EAAE,KAAK,EAAE,IAAI,EAAE;SAC7B;oEACuE,IAAI,YAAY,EAAE;;iEACtD,CAAC,CAAC;uDACT,EAAE;;;KAfC;;;;;;;;;;;;;;;;;;;;;;;;;;;;;;;IAIhC,+CAAmB,cAAc,EAAE,EAQjC;QARK,UAAU;;;QAAV,UAAU,WAAE,cAAc,EAAE;;;IASnC,0DAAyD,YAAY,EAAsB;QAAzD,qBAAqB;;;QAArB,qBAAqB,WAAE,YAAY;;;IACrE,uDAA2B,MAAM,EAAM;QAAhC,kBAAkB;;;QAAlB,kBAAkB,WAAE,MAAM;;;IACjC,6CAAiB,OAAO,EAAE,EAAM;QAAzB,QAAQ;;;QAAR,QAAQ,WAAE,OAAO,EAAE;;;IAE1B,OAAO,CAAC,WAAW;QACjB,IAAI;YACF,IAAI,CAAC,YAAY,EAAE,CAAC,cAAc,EAAE,EAAE,eAAe,CAAC,iBAAiB,CAAC,cAAc,EACpF,CAAC,KAAK,EAAE,aAAa,EAAE,KAAK,EAAE,UAAU,EAAE,EAAE;gBAC1C,MAAM,WAAW,GAAG,IAAI,CAAC,WAAW,CAAC,MAAM,CAAC,OAAO,CAAC,CAAC;gBACrD,MAAM,GAAG,GAAG,WAAW,CAAC,cAAc,CAAC,KAAK,EAAE,EAAE,MAAM,EAAE,KAAK,EAAE,CAAC,CAAC;gBACjE,IAAI,CAAC,QAAQ,GAAG,IAAI,CAAC,KAAK,CAAC,GAAG,CAAC,CAAC;YAClC,CAAC,CAAC,CAAC;SACN;QAAC,OAAO,KAAK,EAAE;YACd,OAAO,CAAC,KAAK,CAAC,+CAA+C,IAAI,CAAC,SAAS,CAAC,KAAK,CAAC,EAAE,CAAC,CAAA;SACtF;IACH,CAAC;IAED,aAAa,IAAI,IAAI;QACnB,IAAI,CAAC,WAAW,EAAE,CAAC;IACrB,CAAC;IAGD,OAAO,CAAC,IAAI,EAAE,MAAM;;;YAClB,IAAI,IAAI,KAAK,qBAAqB,EAAE;;;;;wDAClC,mBAAmB,OAAC,EAAE,OAAO,EAAE,IAAI,CAAC,QAAQ,CAAC,IAAI,CAAC,kBAAkB,CAAC,EAAE;;;;wCAAjD,OAAO,EAAE,IAAI,CAAC,QAAQ,CAAC,IAAI,CAAC,kBAAkB,CAAC;;;;;;;oCAA/C,OAAO,EAAE,IAAI,CAAC,QAAQ,CAAC,IAAI,CAAC,kBAAkB,CAAC;;;;;;aACtE;;;;aAAA;;;KACF;IAED;;YACE,UAAU,QAAC,IAAI,CAAC,qBAAqB;;YAArC,UAAU,CAgDT,IAAI,CAAC,cAAc,CAAC,IAAI;YAhDzB,UAAU,CAiDT,YAAY,CAAC,IAAI;YAjDlB,UAAU,CAkDT,cAAc,YAAC,IAAI,CAAC,OAAO;YAlD5B,UAAU,CAmDT,WAAW,CAAC,GAAG;;;YAlDd,MAAM;;YAAN,MAAM,CAuCL,eAAe,CAAC,SAAS;YAvC1B,MAAM,CAwCL,KAAK,CAAC,SAAS,CAAC,QAAQ;YAxCzB,MAAM,CAyCL,cAAc,CAAC,EAAE,SAAS,EAAE,MAAM,EAAE;YAzCrC,MAAM,CA0CL,UAAU,CAAC,eAAe,CAAC,QAAQ;YA1CpC,MAAM,CA2CL,SAAS,CAAC,QAAQ,CAAC,IAAI;YA3CxB,MAAM,CA4CL,cAAc,CAAC,KAAK,CAAC,IAAI;YA5C1B,MAAM,CA6CL,UAAU,CAAC,UAAU,CAAC,MAAM;;;YA5C3B,MAAM;;YAAN,MAAM,CA+BL,OAAO,CAAC;gBACP,GAAG,EAAE,EAAE;gBACP,KAAK,EAAE,EAAE;gBACT,MAAM,EAAE,EAAE;gBACV,IAAI,EAAE,EAAE;aACT;;;YAnCC,IAAI,QAAC,MAAM;;YAAX,IAAI,CACD,UAAU,CAAC,mBAAmB;YADjC,IAAI,CAED,QAAQ,CAAC,EAAE;YAFd,IAAI,CAGD,SAAS,CAAC,KAAK,CAAC,KAAK;YAHxB,IAAI,CAID,SAAS,CAAC,SAAS,CAAC,KAAK;YAJ5B,IAAI,CAKD,UAAU,CAAC,EAAE;YALhB,IAAI,CAMD,UAAU,CAAC,GAAG;YANjB,IAAI,CAOD,KAAK,CAAC,MAAM;;QAPf,IAAI;;YAQJ,KAAK;;YAAL,KAAK,CACF,KAAK,CAAC,MAAM;YADf,KAAK,CAEF,YAAY,CAAC,EAAE;YAFlB,KAAK,CAGF,MAAM,CAAC,EAAE,GAAG,EAAE,EAAE,EAAE,MAAM,EAAE,CAAC,EAAE;;;YAChC,IAAI,QAAC,yEAAyE;;YAA9E,IAAI,CACD,UAAU,CAAC,cAAc;YAD5B,IAAI,CAED,QAAQ,CAAC,MAAM;YAFlB,IAAI,CAGD,SAAS,CAAC,kBAAkB;YAH/B,IAAI,CAID,UAAU,CAAC,GAAG;YAJjB,IAAI,CAKD,SAAS,CAAC,SAAS,CAAC,KAAK;;QAL5B,IAAI;;YAOJ,IAAI,QAAC,EAAE,KAAK,EAAE,EAAE,EAAE;;YAAlB,IAAI,CAQH,KAAK,CAAC,MAAM;YARb,IAAI,CASH,MAAM,CAAC,EAAE,GAAG,EAAE,EAAE,EAAE;;;YARjB,OAAO;mDAAyC,KAAK,EAAE,MAAM;;;;;;;4BAC3D,QAAQ;;;;;;wBAAR,QAAQ,CAGP,KAAK,CAAC,MAAM;;;;;;;;4DAFX,UAAU,OAAC,EAAE,UAAU,EAAE,IAAI,EAAE,kBAAkB,2BAAyB,EAAE;;;;4CAA/D,UAAU,EAAE,IAAI;4CAAE,kBAAkB;;;;;;;wCAApC,UAAU,EAAE,IAAI;;;;;wBAD/B,QAAQ;;;oBAAR,QAAQ;;;+CADF,IAAI,CAAC,UAAU,0BAKpB,CAAC,IAAI,EAAE,cAAc,GAAG,MAAM,CAAC,EAAE,CAAC,IAAI,CAAC,KAAK;;QAL/C,OAAO;QADT,IAAI;QApBN,MAAM;QADR,MAAM;QADR,UAAU;KAoDX",
    "entry-package-info": "default|1.0.0",
    "package-info": "map|1.0.0"
  },
  "default|map|1.0.0|src/main/ets/view/KnowledgeMapContent.ts": {
    "version": 3,
    "file": "KnowledgeMapContent.ets",
    "sourceRoot": "",
    "sources": [
      "features/map/src/main/ets/view/KnowledgeMapContent.ets"
    ],
    "names": [],
    "mappings": ";;;;IA2BQ,OAAO,GAAE,OAAO;IACtB,QAAQ,GAAE,QAAQ;IACgB,iBAAiB,GAAE,MAAM;;OA7BtD,EAAE,cAAc,EAAE,kBAAkB,EAAE;AAE7C,UAAU,iBAAiB;IACzB,IAAI,EAAE,MAAM,CAAC;IACb,KAAK,EAAE,MAAM,CAAA;CACd;AAED,UAAU,QAAQ;IAChB,QAAQ,EAAE,MAAM,CAAC;IACjB,aAAa,EAAE,iBAAiB,EAAE,CAAA;CACnC;AAED,MAAM,WAAW,OAAO;IACtB,KAAK,EAAE,MAAM,CAAC;IACd,KAAK,EAAE,MAAM,CAAC;IACd,SAAS,EAAE,QAAQ,EAAE,CAAA;CACtB;AAED,MAAM,WAAW,EAAE,MAAM,CAAC,MAAM,EAAE,MAAM,CAAC,GAAG;IAC1C,IAAI,EAAE,oBAAoB;IAC1B,IAAI,EAAE,sBAAsB;IAC5B,SAAS,EAAE,qBAAqB;IAChC,MAAM,EAAE,oBAAoB;CAC7B,CAAA;AAGD,MAAM,OAAQ,mBAAmB;IADjC;;;;;;wBAGuB,IAAI,QAAQ,EAAE;0DACtB,mBAAmB,EAA8B,kBAAkB,CAAC,EAAE;;;KANpF;;;;;;;oCAIO,OAAO;;;;;;;;;;;;IAAb,iDAAe,OAAO,EAAC;QAAjB,OAAO;;;QAAP,OAAO,WAAE,OAAO;;;IACtB,kBAAU,QAAQ,CAAkB;IACpC,wDAAqD,MAAM,EAAyB;QAAlD,iBAAiB;;;QAAjB,iBAAiB,WAAE,MAAM;;;IAG3D,kBAAkB,CAAC,iBAAiB,EAAE,iBAAiB;;YACrD,GAAG;;YAAH,GAAG,CAwBF,KAAK,CAAC,MAAM;YAxBb,GAAG,CAyBF,MAAM,CAAC,EAAE;YAzBV,GAAG,CA0BF,UAAU,CAAC,aAAa,CAAC,MAAM;;;YAzB9B,KAAK,yCAAI,WAAW,CAAC,iBAAiB,CAAC,IAAI,CAAC;;YAA5C,KAAK,CACF,KAAK,CAAC,EAAE;YADX,KAAK,CAEF,MAAM,CAAC,EAAE;;;YAEZ,MAAM;;YAAN,MAAM,CAUL,UAAU,CAAC,eAAe,CAAC,KAAK;YAVjC,MAAM,CAWL,MAAM,CAAC,EAAE,IAAI,EAAE,EAAE,EAAE;;;YAVlB,IAAI,QAAC,iBAAiB,CAAC,KAAK;;YAA5B,IAAI,CACD,UAAU,CAAC,qBAAqB;YADnC,IAAI,CAED,QAAQ,CAAC,EAAE;YAFd,IAAI,CAGD,UAAU,CAAC,GAAG;;QAHjB,IAAI;;YAIJ,IAAI,QAAC,iBAAiB,CAAC,IAAI;;YAA3B,IAAI,CACD,UAAU,CAAC,cAAc;YAD5B,IAAI,CAED,QAAQ,CAAC,EAAE;YAFd,IAAI,CAGD,UAAU,CAAC,GAAG;;QAHjB,IAAI;QALN,MAAM;;YAaN,KAAK;;;QAAL,KAAK;;YAEL,KAAK;;YAAL,KAAK,CACF,KAAK,CAAC,EAAE;YADX,KAAK,CAEF,MAAM,CAAC,EAAE;;QAtBd,GAAG;KA2BJ;IAGD,cAAc,CAAC,QAAQ,EAAE,QAAQ;;YAC/B,MAAM;;YAAN,MAAM,CAuBL,KAAK,CAAC,MAAM;YAvBb,MAAM,CAwBL,MAAM,CAAC,EAAE,GAAG,EAAE,EAAE,EAAE;YAxBnB,MAAM,CAyBL,UAAU,CAAC,eAAe,CAAC,KAAK;;;YAxB/B,IAAI,QAAC,QAAQ,CAAC,QAAQ;;YAAtB,IAAI,CACD,UAAU,CAAC,qBAAqB;YADnC,IAAI,CAED,QAAQ,CAAC,EAAE;YAFd,IAAI,CAGD,UAAU,CAAC,GAAG;YAHjB,IAAI,CAID,MAAM,CAAC,EAAE,MAAM,EAAE,CAAC,EAAE;;QAJvB,IAAI;;YAMJ,IAAI,QAAC,EAAE,KAAK,EAAE,EAAE,EAAE;;YAAlB,IAAI,CAKH,KAAK,CAAC,IAAI,cAAc,CAAC,MAAM,EAAE,EAAE,EAAE,EAAC,CAAC,EAAE,EAAE,EAAE,CAAC,EAAE,EAAE,EAAE,CAAC,EAAE,EAAE,EAAE,CAAC,EAAE,CAAC,CAAC,QAAQ,CAAC,IAAI,CAAC,iBAAiB,CAAC;YALjG,IAAI,CAMH,eAAe,CAAC,KAAK,CAAC,KAAK;YAN5B,IAAI,CAOH,YAAY,CAAC,EAAE;YAPhB,IAAI,CAQH,OAAO,CAAC,EAAE,IAAI,EAAE,EAAE,EAAE,KAAK,EAAE,EAAE,EAAE;YARhC,IAAI,CASH,OAAO,CAAC;gBACP,WAAW,EAAE,GAAG;gBAChB,WAAW,EAAE,EAAE;gBACf,SAAS,EAAE,CAAC;gBACZ,KAAK,EAAE,SAAS;aACjB;;;YAbC,OAAO;mDAAmD,KAAK,EAAE,MAAM;;gBACrE,IAAI,CAAC,kBAAkB,YAAC,IAAI,CAAC;;+CADvB,QAAQ,CAAC,aAAa,0BAE3B,CAAC,IAAI,EAAE,iBAAiB,EAAE,KAAK,EAAE,MAAM,EAAE,EAAE,CAAC,IAAI,CAAC,KAAK,GAAG,KAAK;;QAFjE,OAAO;QADT,IAAI;QAPN,MAAM;KA0BP;IAED;;;;oBAEI,MAAM,QAAC,IAAI,CAAC,QAAQ;;oBAApB,MAAM,CA4BL,KAAK,CAAC,SAAS,CAAC,QAAQ;oBA5BzB,MAAM,CA6BL,cAAc,CAAC,EAAE,SAAS,EAAE,MAAM,EAAE;oBA7BrC,MAAM,CA8BL,UAAU,CAAC,UAAU,CAAC,MAAM;oBA9B7B,MAAM,CA+BL,UAAU,CAAC,eAAe,CAAC,QAAQ;oBA/BpC,MAAM,CAgCL,SAAS,CAAC,QAAQ,CAAC,IAAI;oBAhCxB,MAAM,CAiCL,eAAe,CAAC,SAAS;;;oBAhCxB,MAAM;;oBAAN,MAAM,CAmBL,OAAO,CAAC;wBACP,IAAI,EAAE,EAAE;wBACR,GAAG,EAAE,EAAE;wBACP,KAAK,EAAE,EAAE;wBACT,MAAM,EAAE,EAAE;qBACX;oBAxBD,MAAM,CAyBL,UAAU,CAAC,eAAe,CAAC,KAAK;;;oBAxB/B,IAAI,QAAC,IAAI,CAAC,OAAO,EAAE,KAAK;;oBAAxB,IAAI,CACD,UAAU,CAAC,mBAAmB;oBADjC,IAAI,CAED,QAAQ,CAAC,EAAE;oBAFd,IAAI,CAGD,UAAU,CAAC,GAAG;oBAHjB,IAAI,CAID,SAAS,CAAC,KAAK,CAAC,KAAK;;gBAJxB,IAAI;;oBAMJ,IAAI,QAAC,IAAI,CAAC,OAAO,EAAE,KAAK;;oBAAxB,IAAI,CACD,UAAU,CAAC,cAAc;oBAD5B,IAAI,CAED,QAAQ,CAAC,EAAE;oBAFd,IAAI,CAGD,SAAS,CAAC,kBAAkB;oBAH/B,IAAI,CAID,SAAS,CAAC,SAAS,CAAC,OAAO;oBAJ9B,IAAI,CAKD,UAAU,CAAC,GAAG;oBALjB,IAAI,CAMD,MAAM,CAAC,EAAE,GAAG,EAAE,EAAE,EAAE;;gBANrB,IAAI;;oBAQJ,OAAO;;;wBACL,IAAI,CAAC,cAAc,YAAC,QAAQ,CAAC;;uDADvB,IAAI,CAAC,OAAO,EAAE,SAAS,0BAE5B,CAAC,QAAQ,EAAE,QAAQ,EAAE,KAAK,EAAE,MAAM,EAAE,EAAE,CAAC,QAAQ,CAAC,QAAQ,GAAG,KAAK;;gBAFnE,OAAO;gBAfT,MAAM;gBADR,MAAM;;2BAmCP,YAAY,CAAC,IAAI;;;;KACnB",
    "entry-package-info": "default|1.0.0",
    "package-info": "map|1.0.0"
  },
  "default|map|1.0.0|src/main/ets/view/NavBarItem.ts": {
    "version": 3,
    "file": "NavBarItem.ets",
    "sourceRoot": "",
    "sources": [
      "features/map/src/main/ets/view/NavBarItem.ets"
    ],
    "names": [],
    "mappings": ";;;;IAOoC,qBAAqB,GAAE,YAAY;IAC/D,UAAU,GAAE,cAAc;IAC1B,kBAAkB,GAAE,MAAM;;AATlC,MAAM,WAAW,cAAc;IAC7B,KAAK,EAAE,MAAM,CAAC;IACd,KAAK,EAAE,MAAM,CAAA;CACd;AAGD,MAAM,OAAQ,UAAU;IADxB;;;;;8DAEW,uBAAuB;;;;;KAJjC;;;;uCAKO,UAAU;;;;;;;;;;;;;;IADhB,4DAAyD,YAAY,EAAC;QAApC,qBAAqB;;;QAArB,qBAAqB,WAAE,YAAY;;;IACrE,oDAAkB,cAAc,EAAC;QAA3B,UAAU;;;QAAV,UAAU,WAAE,cAAc;;;IAChC,4DAA0B,MAAM,EAAC;QAA3B,kBAAkB;;;QAAlB,kBAAkB,WAAE,MAAM;;;IAEhC;;YACE,GAAG;;YAAH,GAAG,CAqBF,KAAK,CAAC,MAAM;YArBb,GAAG,CAsBF,MAAM,CAAC,EAAE;YAtBV,GAAG,CAuBF,YAAY,CAAC,EAAE;YAvBhB,GAAG,CAwBF,UAAU,CAAC,aAAa,CAAC,MAAM;YAxBhC,GAAG,CAyBF,OAAO,CAAC,EAAE,IAAI,EAAE,EAAE,EAAE,KAAK,EAAE,EAAE,EAAE;YAzBhC,GAAG,CA0BF,eAAe,CACd,IAAI,CAAC,kBAAkB,KAAK,MAAM,CAAC,IAAI,CAAC,UAAU,CAAC,KAAK,CAAC,GAAG,CAAC,CAAC,CAAC;gBAC7D,WAAW,CAAC,CAAC;gBACf,KAAK,CAAC,WAAW;YA7BnB,GAAG,CA+BF,OAAO,CAAC,GAAG,EAAE;gBACZ,MAAM,KAAK,GAAG,MAAM,CAAC,IAAI,CAAC,UAAU,CAAC,KAAK,CAAC,GAAG,CAAC,CAAC;gBAChD,IAAI,CAAC,kBAAkB,GAAG,KAAK,CAAC;gBAChC,IAAI,CAAC,qBAAqB,CAAC,WAAW,CAAC,EAAE,IAAI,EAAE,qBAAqB,EAAE,CAAC,CAAC;YAC1E,CAAC;;;YAlCC,IAAI,QAAC,IAAI,CAAC,UAAU,CAAC,KAAK;;YAA1B,IAAI,CACD,MAAM,CAAC,EAAE,KAAK,EAAE,CAAC,EAAE;YADtB,IAAI,CAED,UAAU,CAAC,mBAAmB;YAFjC,IAAI,CAGD,QAAQ,CAAC,EAAE;YAHd,IAAI,CAID,SAAS,CAAC,SAAS;YAJtB,IAAI,CAKD,SAAS,CAAC,SAAS,CAAC,KAAK;YAL5B,IAAI,CAMD,UAAU,CAAC,EAAE;YANhB,IAAI,CAOD,UAAU,CAAC,GAAG;;QAPjB,IAAI;;YAQJ,IAAI,QAAC,IAAI,CAAC,UAAU,CAAC,KAAK;;YAA1B,IAAI,CACD,UAAU,CAAC,qBAAqB;YADnC,IAAI,CAED,QAAQ,CAAC,EAAE;YAFd,IAAI,CAGD,SAAS,CAAC,SAAS;YAHtB,IAAI,CAID,SAAS,CAAC,SAAS,CAAC,KAAK;YAJ5B,IAAI,CAKD,UAAU,CAAC,EAAE;YALhB,IAAI,CAMD,UAAU,CAAC,GAAG;;QANjB,IAAI;;YAOJ,KAAK;;;QAAL,KAAK;;YACL,KAAK;;YAAL,KAAK,CACF,KAAK,CAAC,EAAE;YADX,KAAK,CAEF,MAAM,CAAC,EAAE;;QAnBd,GAAG;KAoCJ",
    "entry-package-info": "default|1.0.0",
    "package-info": "map|1.0.0"
  },
  "default|quickstart|1.0.0|Index.ts": {
    "version": 3,
    "file": "Index.ets",
    "sourceRoot": "",
    "sources": [
      "features/quickstart/Index.ets"
    ],
    "names": [],
    "mappings": "OAAO,EAAE,cAAc,EAAE",
    "entry-package-info": "default|1.0.0",
    "package-info": "quickstart|1.0.0"
  },
  "default|quickstart|1.0.0|src/main/ets/pages/ArticleDetailPage.ts": {
    "version": 3,
    "file": "ArticleDetailPage.ets",
    "sourceRoot": "",
    "sources": [
      "features/quickstart/src/main/ets/pages/ArticleDetailPage.ets"
    ],
    "names": [],
    "mappings": ";;;;IA6EQ,aAAa,GAAE,YAAY,GAAG,IAAI;IAClC,iBAAiB,GAAE,iBAAiB;;;IAvEnC,iBAAiB,GAAE,OAAO,CAAC,iBAAiB;IACtB,gBAAgB,GAAE,YAAY;IACpD,aAAa,GAAE,YAAY,GAAG,IAAI;IAClC,SAAS,GAAE,OAAO;IACzB,OAAO,GAAE,OAAO;;OAXT,OAAO;cACP,YAAY,QAAQ,uBAAuB;OAC3C,OAAO;OACT,EAAE,OAAO,EAAE;AAGlB,MAAM,OAAQ,iBAAiB;IAD/B;;;;;gEAEwD,IAAI,OAAO,CAAC,iBAAiB;yDAC1E,kBAAkB;4DACiB,IAAI;wDACpB,KAAK;uBACd,IAAI,OAAO,EAAE;;;KARF;;;;;;;;;;;;;;;;;;;;;;;;;;;;;;;IAI9B,sDAA0B,OAAO,CAAC,iBAAiB,EAAiC;QAA7E,iBAAiB;;;QAAjB,iBAAiB,WAAE,OAAO,CAAC,iBAAiB;;;IACnD,uDAA+C,YAAY,EAAC;QAA/B,gBAAgB;;;QAAhB,gBAAgB,WAAE,YAAY;;;IAC3D,kDAAsB,YAAY,GAAG,IAAI,EAAQ;QAA1C,aAAa;;;QAAb,aAAa,WAAE,YAAY,GAAG,IAAI;;;IACzC,8CAAkB,OAAO,EAAS;QAA3B,SAAS;;;QAAT,SAAS,WAAE,OAAO;;;IACzB,iBAAS,OAAO,CAAiB;IAEjC,aAAa,IAAI,IAAI;QACnB,IAAI,CAAC,aAAa,GAAG,IAAI,CAAC,gBAAgB,CAAC,cAAc,CAAC,eAAe,CAAC,CAAC,CAAC,CAAC,IAAI,YAAY,CAAC;QAC9F,OAAO,CAAC,EAAE,CAAC,SAAS,EAAE,GAAG,EAAE;YACzB,IAAI,CAAC,SAAS,GAAG,KAAK,CAAC;QACzB,CAAC,CAAC,CAAC;IACL,CAAC;IAED,gBAAgB,IAAI,IAAI;QACtB,IAAI,CAAC,OAAO,EAAE,cAAc,EAAE,CAAC;IACjC,CAAC;IAED;;;;oBAEI,MAAM;;oBAAN,MAAM,CAwCL,OAAO,CAAC,EAAE,IAAI,EAAE,EAAE,EAAE,KAAK,EAAE,EAAE,EAAE;oBAxChC,MAAM,CAyCL,KAAK,CAAC,MAAM;oBAzCb,MAAM,CA0CL,MAAM,CAAC,MAAM;oBA1Cd,MAAM,CA2CL,cAAc,CAAC,SAAS,CAAC,YAAY;;;oBA1CpC,GAAG;;oBAAH,GAAG,CAiCF,cAAc,CAAC,SAAS,CAAC,YAAY;oBAjCtC,GAAG,CAkCF,KAAK,CAAC,MAAM;oBAlCb,GAAG,CAmCF,MAAM,CAAC,EAAE;;;oBAlCR,GAAG;;oBAAH,GAAG,CAkBF,KAAK,CAAC,KAAK;;;oBAjBV,KAAK;;oBAAL,KAAK,CACF,KAAK,CAAC,EAAE;oBADX,KAAK,CAEF,MAAM,CAAC,EAAE;oBAFZ,KAAK,CAGF,OAAO,CAAC,GAAG,EAAE;wBACZ,IAAI,CAAC,gBAAgB,CAAC,GAAG,EAAE,CAAA;oBAC7B,CAAC;;;oBACH,GAAG;;;;oBACD,IAAI,QAAC,IAAI,CAAC,aAAa,EAAE,KAAK;;oBAA9B,IAAI,CACD,UAAU,CAAC,mBAAmB;oBADjC,IAAI,CAED,QAAQ,CAAC,EAAE;oBAFd,IAAI,CAGD,SAAS,CAAC,SAAS,CAAC,KAAK;oBAH5B,IAAI,CAID,YAAY,CAAC,EAAE,QAAQ,EAAE,YAAY,CAAC,QAAQ,EAAE;oBAJnD,IAAI,CAKD,QAAQ,CAAC,CAAC;oBALb,IAAI,CAMD,UAAU,CAAC,GAAG;oBANjB,IAAI,CAOD,MAAM,CAAC,EAAE,IAAI,EAAE,CAAC,EAAE;;gBAPrB,IAAI;gBADN,GAAG;gBAPL,GAAG;;oBAoBH,KAAK,QAAC,IAAI,CAAC,SAAS,CAAC,CAAC,+GAA+B,CAAC,8GAAkC;;oBAAxF,KAAK,CACF,KAAK,CAAC,EAAE;oBADX,KAAK,CAEF,MAAM,CAAC,EAAE;oBAFZ,KAAK,CAGF,OAAO,CAAC,GAAG,EAAE;wBACZ,IAAI,CAAC,SAAS,GAAG,CAAC,IAAI,CAAC,SAAS,CAAC;wBACjC,IAAI,IAAI,CAAC,SAAS,KAAK,IAAI,EAAE;4BAC3B,IAAI,CAAC,OAAO,CAAC,UAAU,CAAC,IAAI,CAAC,aAAa,CAAC,CAAC,KAAK,CAAC,CAAA;yBACnD;6BAAM;4BACL,IAAI,CAAC,OAAO,CAAC,SAAS,EAAE,CAAC;yBAC1B;oBACH,CAAC;;gBA/BL,GAAG;;;;oDAqCH,YAAY,OAAC,EAAE,aAAa,EAAE,IAAI,CAAC,aAAa,EAAE,iBAAiB,EAAE,IAAI,CAAC,iBAAiB,EAAE;;;;oCAA9E,aAAa,EAAE,IAAI,CAAC,aAAa;oCAAE,iBAAiB,EAAE,IAAI,CAAC,iBAAiB;;;;;;;gCAA5E,aAAa,EAAE,IAAI,CAAC,aAAa,EAAE,iBAAiB,EAAE,IAAI,CAAC,iBAAiB;;;;;gBAtC7F,MAAM;;2BA6CP,YAAY,CAAC,IAAI;;;;KACnB;;;;;MAII,YAAY;IADnB;;;;;;;;;KAFC;;;;0CAIO,aAAa;8CACb,iBAAiB;;;;;;;;;;;;IADvB,uDAAqB,YAAY,GAAG,IAAI,EAAC;QAAnC,aAAa;;;QAAb,aAAa,WAAE,YAAY,GAAG,IAAI;;;IACxC,2DAAyB,iBAAiB,EAAC;QAArC,iBAAiB;;;QAAjB,iBAAiB,WAAE,iBAAiB;;;IAE1C;;YACE,MAAM;;;;YACJ,GAAG,QAAC,EAAE,GAAG,EAAE,IAAI,CAAC,aAAa,EAAE,MAAM,EAAE,UAAU,EAAE,IAAI,CAAC,iBAAiB,EAAE;;YAA3E,GAAG,CACA,QAAQ,CAAC,WAAW,CAAC,IAAI;YAD5B,GAAG,CAEA,gBAAgB,CAAC,IAAI;YAFxB,GAAG,CAGA,UAAU,CAAC,IAAI;YAHlB,GAAG,CAIA,UAAU,CAAC,IAAI;YAJlB,GAAG,CAKA,SAAS,CAAC,SAAS,CAAC,GAAG;YAL1B,GAAG,CAMA,SAAS,CAAC,SAAS,CAAC,IAAI;YAN3B,GAAG,CAOA,gBAAgB,CAAC,IAAI;YAPxB,GAAG,CAQA,KAAK,CAAC,MAAM;YARf,GAAG,CASA,YAAY,CAAC,CAAC;;QAVnB,MAAM;KAYP",
    "entry-package-info": "default|1.0.0",
    "package-info": "quickstart|1.0.0"
  },
  "default|quickstart|1.0.0|src/main/ets/pages/BannerDetailPage.ts": {
    "version": 3,
    "file": "BannerDetailPage.ets",
    "sourceRoot": "",
    "sources": [
      "features/quickstart/src/main/ets/pages/BannerDetailPage.ets"
    ],
    "names": [],
    "mappings": ";;;;IAKS,WAAW,GAAE,WAAW,GAAG,IAAI;IACtC,UAAU,GAAE,OAAO,CAAC,iBAAiB;IACR,gBAAgB,GAAE,YAAY;;OAPpD,OAAO;cACP,WAAW,QAAQ,sBAAsB;AAGlD,MAAM,OAAQ,gBAAgB;IAD9B;;;;;0DAE2C,IAAI;0BACL,IAAI,OAAO,CAAC,iBAAiB,EAAE;yDAC9D,kBAAkB;;;KANsB;;;;;;;;;;;;;;;;;;;;;IAIjD,gDAAoB,WAAW,GAAG,IAAI,EAAQ;QAAvC,WAAW;;;QAAX,WAAW,WAAE,WAAW,GAAG,IAAI;;;IACtC,oBAAY,OAAO,CAAC,iBAAiB,CAAmC;IACxE,uDAA+C,YAAY,EAAC;QAA/B,gBAAgB;;;QAAhB,gBAAgB,WAAE,YAAY;;;IAE3D,aAAa,IAAI,IAAI;QACnB,IAAI,CAAC,WAAW,GAAG,IAAI,CAAC,gBAAgB,CAAC,cAAc,CAAC,kBAAkB,CAAC,CAAC,CAAC,CAAC,IAAI,WAAW,CAAC;IAChG,CAAC;IAED;;;;oBAEI,MAAM;;;;oBACJ,GAAG,QAAC;wBACF,GAAG,EAAE,IAAI,CAAC,WAAW,EAAE,GAAG;wBAC1B,UAAU,EAAE,IAAI,CAAC,UAAU;qBAC5B;;oBAHD,GAAG,CAIA,QAAQ,CAAC,WAAW,CAAC,IAAI;oBAJ5B,GAAG,CAKA,gBAAgB,CAAC,IAAI;oBALxB,GAAG,CAMA,UAAU,CAAC,IAAI;oBANlB,GAAG,CAOA,UAAU,CAAC,IAAI;oBAPlB,GAAG,CAQA,SAAS,CAAC,SAAS,CAAC,GAAG;oBAR1B,GAAG,CASA,gBAAgB,CAAC,IAAI;oBATxB,GAAG,CAUA,KAAK,CAAC,MAAM;oBAVf,GAAG,CAWA,YAAY,CAAC,CAAC;;gBAZnB,MAAM;;2BAeP,KAAK,CAAC,MAAM;2BACZ,MAAM,CAAC,MAAM;;;;KACf",
    "entry-package-info": "default|1.0.0",
    "package-info": "quickstart|1.0.0"
  },
  "default|quickstart|1.0.0|src/main/ets/pages/QuickStartPage.ts": {
    "version": 3,
    "file": "QuickStartPage.ets",
    "sourceRoot": "",
    "sources": [
      "features/quickstart/src/main/ets/pages/QuickStartPage.ets"
    ],
    "names": [],
    "mappings": ";;;;IAY+B,gBAAgB,GAAE,YAAY;IACzB,iBAAiB,GAAE,MAAM;;OAbtD,EAAkB,kBAAkB,EAAE;OACtC,EAAE,YAAY,EAAE;cACd,YAAY,QAAQ,uBAAuB;OAC7C,EAAE,iBAAiB,EAAE;OACrB,EAAE,MAAM,EAAE;OACV,EAAE,cAAc,EAAE;OAClB,EAAE,gBAAgB,EAAE;cAClB,WAAW,QAAQ,sBAAsB;OAC3C,EAAE,MAAM,EAAE;AAGjB,MAAM,OAAQ,cAAc;IAD5B;;;;;+DAEgE,IAAI,YAAY,EAAE;;0DACnE,mBAAmB,EAA8B,kBAAkB,CAAC,EAAE;;;KAL7C;;;;;;;;;;;;;;;;;;IAItC,qDAA+C,YAAY,EAAsB;QAApD,gBAAgB;;;QAAhB,gBAAgB,WAAE,YAAY;;;IAC3D,wDAAqD,MAAM,EAAyB;QAAlD,iBAAiB;;;QAAjB,iBAAiB,WAAE,MAAM;;;IAG3D,gBAAgB,CAAC,IAAI,EAAE,MAAM,EAAE,KAAK,CAAC,EAAE,YAAY,GAAG,WAAW;;;YAC/D,IAAI,IAAI,KAAK,eAAe,EAAE;;;;;wDAC5B,iBAAiB;;;;;;;;;;;;;aAClB;iBAAM,IAAI,IAAI,KAAK,kBAAkB,EAAE;;;;;wDACtC,gBAAgB;;;;;;;;;;;;;aACjB;;;;aAAA;;;KACF;IAED;;YACE,UAAU,QAAC,IAAI,CAAC,gBAAgB;;YAAhC,UAAU,CAkBT,cAAc,YAAC,IAAI,CAAC,gBAAgB;YAlBrC,UAAU,CAmBT,YAAY,CAAC,IAAI;YAnBlB,UAAU,CAoBT,IAAI,CAAC,cAAc,CAAC,KAAK;;;YAnBxB,MAAM;;YAAN,MAAM,CAaL,KAAK,CAAC,MAAM;YAbb,MAAM,CAcL,MAAM,CAAC,MAAM;YAdd,MAAM,CAeL,eAAe,CAAC,SAAS;;;;;4CAdxB,MAAM;;;;;;;;;;;;;YACN,MAAM;;YAAN,MAAM,CAOL,YAAY,CAAC,CAAC;YAPf,MAAM,CAQL,SAAS,CAAC,QAAQ,CAAC,GAAG;YARvB,MAAM,CASL,KAAK,CAAC,SAAS,CAAC,QAAQ;;;YARvB,MAAM;;;;;;4CACJ,MAAM;;;;;;;;;;;;;;;4CACN,cAAc;;;;;;;;;;;;;;;4CACd,YAAY;;;;;;;;;;;;QAHd,MAAM;QADR,MAAM;QAFR,MAAM;QADR,UAAU;KAqBX",
    "entry-package-info": "default|1.0.0",
    "package-info": "quickstart|1.0.0"
  },
  "default|quickstart|1.0.0|src/main/ets/util/bufferUtil.ts": {
    "version": 3,
    "file": "bufferUtil.ets",
    "sourceRoot": "",
    "sources": [
      "features/quickstart/src/main/ets/util/bufferUtil.ets"
    ],
    "names": [],
    "mappings": "OAAS,IAAI;AAEb,MAAM,UAAU,cAAc,CAAC,MAAM,EAAE,UAAU,GAAG,MAAM;IACxD,IAAI,WAAW,GAAG,IAAI,CAAC,WAAW,CAAC,MAAM,CAAC,OAAO,EAAE;QACjD,SAAS,EAAE,IAAI;KAChB,CAAC,CAAC;IACH,IAAI,SAAS,GAAG,WAAW,CAAC,cAAc,CAAC,MAAM,CAAC,CAAC;IACnD,OAAO,SAAS,CAAC;AACnB,CAAC",
    "entry-package-info": "default|1.0.0",
    "package-info": "quickstart|1.0.0"
  },
  "default|quickstart|1.0.0|src/main/ets/view/Banner.ts": {
    "version": 3,
    "file": "Banner.ets",
    "sourceRoot": "",
    "sources": [
      "features/quickstart/src/main/ets/view/Banner.ets"
    ],
    "names": [],
    "mappings": ";;;;IAM+B,gBAAgB,GAAE,YAAY;IACzB,iBAAiB,GAAE,MAAM;IACpD,UAAU,GAAE,WAAW,EAAE;;OAR3B,EAAE,cAAc,EAAE,kBAAkB,EAAE;cACpC,WAAW,QAAQ,sBAAsB;OAC3C,EAAE,cAAc,EAAE;AAGzB,MAAM,OAAQ,MAAM;IADpB;;;;;yDAEW,kBAAkB;0DACd,mBAAmB,EAA8B,kBAAkB,CAAC,EAAE;yDAChD,EAAE;;;KANa;;;;;;;;;;;;;;;;;;;;IAIlD,uDAA+C,YAAY,EAAC;QAA/B,gBAAgB;;;QAAhB,gBAAgB,WAAE,YAAY;;;IAC3D,wDAAqD,MAAM,EAAyB;QAAlD,iBAAiB;;;QAAjB,iBAAiB,WAAE,MAAM;;;IAC3D,+CAAmB,WAAW,EAAE,EAAM;QAA/B,UAAU;;;QAAV,UAAU,WAAE,WAAW,EAAE;;;IAEhC,aAAa,IAAI,IAAI;QACnB,IAAI,CAAC,qBAAqB,EAAE,CAAA;IAC9B,CAAC;IAED,qBAAqB;QACnB,IAAI,CAAC,YAAY,EAAE,CAAC,cAAc,EAAE,EAAE,eAAe,CAAC,iBAAiB,CAAC,iBAAiB,CAAC,CAAC,IAAI,CAAC,KAAK,CAAC,EAAE;YACtG,IAAI,CAAC,UAAU,GAAG,IAAI,CAAC,KAAK,CAAC,cAAc,CAAC,KAAK,CAAC,CAAC,IAAI,WAAW,EAAE,CAAC;QACvE,CAAC,CAAC,CAAC;IACL,CAAC;IAED,iBAAiB,CAAC,IAAI,EAAE,WAAW;QACjC,IAAI,CAAC,gBAAgB,CAAC,cAAc,CAAC,kBAAkB,EAAE,IAAI,CAAC,CAAC;IACjE,CAAC;IAED;;YACE,MAAM;;YAAN,MAAM,CAaL,YAAY,CAAC,IAAI,cAAc,CAAC,EAAE,EAAE,EAAE,CAAC,EAAE,EAAE,EAAE,CAAC,EAAE,EAAE,EAAE,CAAC,EAAE,CAAC,CAAC,QAAQ,CAAC,IAAI,CAAC,iBAAiB,CAAC;YAb1F,MAAM,CAcL,WAAW,CAAC,iBAAiB,CAAC,OAAO;YAdtC,MAAM,CAeL,SAAS,CAAC,IAAI,CAAC,iBAAiB,KAAK,kBAAkB,CAAC,EAAE,CAAC,CAAC;gBAC7D,SAAS,CAAC,GAAG,EAAE;oBACf,KAAK,CAAC,WAAW,CAAC;oBAClB,aAAa,CAAC,SAAS,CAAC,CAAC,CAAC;gBACxB,KAAK;YAnBP,MAAM,CAoBL,UAAU,CAAC,IAAI,cAAc,CAAC,MAAM,EAAE,EAAE,EAAE,EAAE,CAAC,EAAE,EAAE,EAAE,EAAE,EAAE,EAAE,EAAE,GAAG,EAAE,CAAC,CAAC,QAAQ,CAAC,IAAI,CAAC,iBAAiB,CAAC;YApBnG,MAAM,CAqBL,QAAQ,CAAC,IAAI;YArBd,MAAM,CAsBL,IAAI,CAAC,IAAI;;;YArBR,OAAO;;;;oBACL,KAAK,yCAAI,IAAI,CAAC,QAAQ;;oBAAtB,KAAK,CACF,SAAS,CAAC,QAAQ,CAAC,OAAO;oBAD7B,KAAK,CAEF,KAAK,CAAC,MAAM;oBAFf,KAAK,CAGF,YAAY,CAAC,EAAE;oBAHlB,KAAK,CAIF,OAAO,CAAC,EAAE,GAAG,EAAE,EAAE,EAAE,IAAI,EAAE,EAAE,EAAE,KAAK,EAAE,EAAE,EAAE;oBAJ3C,KAAK,CAKF,OAAO,CAAC,GAAG,EAAE;wBACZ,IAAI,CAAC,iBAAiB,CAAC,IAAI,CAAC,CAAA;oBAC9B,CAAC;;;+CARG,IAAI,CAAC,UAAU,0BAUpB,CAAC,IAAI,EAAE,WAAW,EAAE,EAAE,CAAC,IAAI,CAAC,EAAE;;QAVjC,OAAO;QADT,MAAM;KAuBP",
    "entry-package-info": "default|1.0.0",
    "package-info": "quickstart|1.0.0"
  },
  "default|quickstart|1.0.0|src/main/ets/view/EnablementView.ts": {
    "version": 3,
    "file": "EnablementView.ets",
    "sourceRoot": "",
    "sources": [
      "features/quickstart/src/main/ets/view/EnablementView.ets"
    ],
    "names": [],
    "mappings": ";;;;IAsDQ,cAAc,GAAE,YAAY;;;IAhD3B,cAAc,GAAE,YAAY,EAAE;IACR,gBAAgB,GAAE,YAAY;IACzB,iBAAiB,GAAE,MAAM;;OARtD,EAAE,cAAc,EAAE,kBAAkB,EAAE;cACpC,YAAY,QAAQ,uBAAuB;OAC7C,EAAE,cAAc,EAAE;AAGzB,MAAM,OAAQ,cAAc;IAD5B;;;;;6DAE0C,EAAE;yDACjC,kBAAkB;0DACd,mBAAmB,EAA8B,kBAAkB,CAAC,EAAE;;;KANjC;;;;;;;;;;;;;;;;;;;;IAIlD,mDAAuB,YAAY,EAAE,EAAM;QAApC,cAAc;;;QAAd,cAAc,WAAE,YAAY,EAAE;;;IACrC,uDAA+C,YAAY,EAAC;QAA/B,gBAAgB;;;QAAhB,gBAAgB,WAAE,YAAY;;;IAC3D,wDAAqD,MAAM,EAAyB;QAAlD,iBAAiB;;;QAAjB,iBAAiB,WAAE,MAAM;;;IAE3D,aAAa,IAAI,IAAI;QACnB,IAAI,CAAC,yBAAyB,EAAE,CAAA;IAClC,CAAC;IAED,yBAAyB;QACvB,IAAI,CAAC,YAAY,EAAE,CAAC,cAAc,EAAE,EAAE,eAAe,CAAC,iBAAiB,CAAC,qBAAqB,CAAC,CAAC,IAAI,CAAC,KAAK,CAAC,EAAE;YAC1G,IAAI,CAAC,cAAc,GAAG,IAAI,CAAC,KAAK,CAAC,cAAc,CAAC,KAAK,CAAC,CAAC,IAAI,YAAY,EAAE,CAAC;QAC5E,CAAC,CAAC,CAAC;IACL,CAAC;IAED;;YACE,MAAM;;YAAN,MAAM,CA0BL,MAAM,CAAC,EAAE,GAAG,EAAE,EAAE,EAAE;;;YAzBjB,IAAI,QAAC,MAAM;;YAAX,IAAI,CACD,SAAS,CAAC,SAAS;YADtB,IAAI,CAED,QAAQ,CAAC,EAAE;YAFd,IAAI,CAGD,UAAU,CAAC,GAAG;YAHjB,IAAI,CAID,UAAU,CAAC,qBAAqB;YAJnC,IAAI,CAKD,SAAS,CAAC,SAAS,CAAC,KAAK;YAL5B,IAAI,CAMD,OAAO,CAAC,EAAE,IAAI,EAAE,EAAE,EAAE,KAAK,EAAE,EAAE,EAAE;YANlC,IAAI,CAOD,KAAK,CAAC,MAAM;;QAPf,IAAI;;YAQJ,IAAI;;YAAJ,IAAI,CAWH,YAAY,CAAC,KAAK;YAXnB,IAAI,CAYH,UAAU,CAAC,IAAI,cAAc,CAAC,MAAM,EAAE,EAAE,EAAE,EAAE,CAAC,EAAE,EAAE,EAAE,EAAE,EAAE,EAAE,EAAE,EAAE,EAAE,CAAC,CAAC,QAAQ,CAAC,IAAI,CAAC,iBAAiB,CAAC;YAZlG,IAAI,CAaH,SAAS,CAAC,QAAQ,CAAC,GAAG;YAbvB,IAAI,CAcH,MAAM,CAAC,GAAG;YAdX,IAAI,CAeH,OAAO,CAAC,EAAE,GAAG,EAAE,CAAC,EAAE,IAAI,EAAE,EAAE,EAAE,KAAK,EAAE,EAAE,EAAE;;;YAdtC,OAAO;;;;;;wBACL,QAAQ,CAMP,KAAK,CAAC,IAAI,cAAc,CAAC,MAAM,EAAE,EAAE,EAAE,EAAE,GAAG,EAAE,EAAE,EAAE,GAAG,EAAE,EAAE,EAAE,GAAG,EAAE,CAAC,CAAC,QAAQ,CAAC,IAAI,CAAC,iBAAiB,CAAC;;;;;;;uCAJ5F,OAAO,CAAC,GAAG,EAAE;gCACZ,IAAI,CAAC,gBAAgB,CAAC,cAAc,CAAC,eAAe,EAAE,IAAI,CAAC,CAAA;4BAC7D,CAAC;;;;;4DAHH,cAAc,OAAC,EAAE,cAAc,EAAE,IAAI,EAAE;;;;4CAAtB,cAAc,EAAE,IAAI;;;;;;;wCAApB,cAAc,EAAE,IAAI;;;;;;wBADvC,QAAQ;;;;;+CADF,IAAI,CAAC,cAAc,0BAQxB,CAAC,IAAI,EAAE,YAAY,EAAE,EAAE,CAAC,IAAI,CAAC,EAAE;;QARlC,OAAO;QADT,IAAI;QATN,MAAM;KA2BP;;;;;AAKH,MAAM,OAAQ,cAAc;IAD5B;;;;;;;;KAHC;;;;2CAKO,cAAc;;;;;;;;;;IAApB,wDAAsB,YAAY,EAAC;QAA7B,cAAc;;;QAAd,cAAc,WAAE,YAAY;;;IAElC;;YACE,MAAM;;YAAN,MAAM,CA+BL,KAAK,CAAC,GAAG;YA/BV,MAAM,CAgCL,MAAM,CAAC,GAAG;YAhCX,MAAM,CAiCL,YAAY,CAAC,EAAE;YAjChB,MAAM,CAkCL,eAAe,CAAC,KAAK,CAAC,KAAK;;;YAjC1B,KAAK,yCAAI,IAAI,CAAC,cAAc,CAAC,QAAQ;;YAArC,KAAK,CACF,KAAK,CAAC,MAAM;YADf,KAAK,CAEF,SAAS,CAAC,QAAQ,CAAC,KAAK;YAF3B,KAAK,CAGF,MAAM,CAAC,EAAE;YAHZ,KAAK,CAIF,YAAY,CAAC;gBACZ,OAAO,EAAE,EAAE;gBACX,QAAQ,EAAE,EAAE;aACb;;;YACH,IAAI,QAAC,IAAI,CAAC,cAAc,CAAC,KAAK;;YAA9B,IAAI,CACD,MAAM,CAAC,EAAE;YADZ,IAAI,CAED,KAAK,CAAC,MAAM;YAFf,IAAI,CAGD,QAAQ,CAAC,EAAE;YAHd,IAAI,CAID,SAAS,CAAC,SAAS,CAAC,KAAK;YAJ5B,IAAI,CAKD,YAAY,CAAC,EAAE,QAAQ,EAAE,YAAY,CAAC,QAAQ,EAAE;YALnD,IAAI,CAMD,QAAQ,CAAC,CAAC;YANb,IAAI,CAOD,UAAU,CAAC,GAAG;YAPjB,IAAI,CAQD,OAAO,CAAC,EAAE,IAAI,EAAE,EAAE,EAAE,KAAK,EAAE,EAAE,EAAE;YARlC,IAAI,CASD,MAAM,CAAC,EAAE,GAAG,EAAE,CAAC,EAAE;;QATpB,IAAI;;YAUJ,IAAI,QAAC,IAAI,CAAC,cAAc,CAAC,KAAK;;YAA9B,IAAI,CACD,MAAM,CAAC,EAAE;YADZ,IAAI,CAED,KAAK,CAAC,MAAM;YAFf,IAAI,CAGD,QAAQ,CAAC,EAAE;YAHd,IAAI,CAID,SAAS,CAAC,SAAS,CAAC,KAAK;YAJ5B,IAAI,CAKD,YAAY,CAAC,EAAE,QAAQ,EAAE,YAAY,CAAC,QAAQ,EAAE;YALnD,IAAI,CAMD,QAAQ,CAAC,CAAC;YANb,IAAI,CAOD,UAAU,CAAC,GAAG;YAPjB,IAAI,CAQD,SAAS,CAAC,oBAAoB;YARjC,IAAI,CASD,OAAO,CAAC,EAAE,IAAI,EAAE,EAAE,EAAE,KAAK,EAAE,EAAE,EAAE;YATlC,IAAI,CAUD,MAAM,CAAC,EAAE,GAAG,EAAE,CAAC,EAAE;;QAVpB,IAAI;QAnBN,MAAM;KAmCP",
    "entry-package-info": "default|1.0.0",
    "package-info": "quickstart|1.0.0"
  },
  "default|quickstart|1.0.0|src/main/ets/view/Header.ts": {
    "version": 3,
    "file": "Header.ets",
    "sourceRoot": "",
    "sources": [
      "features/quickstart/src/main/ets/view/Header.ets"
    ],
    "names": [],
    "mappings": ";;;;IAKS,OAAO,GAAE,MAAM;IACf,SAAS,GAAE,OAAO;IACzB,OAAO,GAAE,OAAO;IAChB,OAAO,GAAE,MAAM;;OARR,OAAO;OACT,EAAE,OAAO,EAAE;AAGlB,MAAM,OAAQ,MAAM;IADpB;;;;;sDAE2B,MAAM;wDACH,KAAK;uBACd,IAAI,OAAO,EAAE;uBACd,gCAAgC;;;KAPpB;;;;;;;;;;;;;;;;;;;;;;;;;;;IAI9B,4CAAgB,MAAM,EAAU;QAAzB,OAAO;;;QAAP,OAAO,WAAE,MAAM;;;IACtB,8CAAkB,OAAO,EAAS;QAA3B,SAAS;;;QAAT,SAAS,WAAE,OAAO;;;IACzB,iBAAS,OAAO,CAAiB;IACjC,iBAAS,MAAM,CAAoC;IAEnD,aAAa,IAAI,IAAI;QACnB,OAAO,CAAC,EAAE,CAAC,SAAS,EAAE,GAAG,EAAE;YACzB,IAAI,CAAC,SAAS,GAAG,KAAK,CAAC;QACzB,CAAC,CAAC,CAAC;IACL,CAAC;IAED;;YACE,GAAG;;YAAH,GAAG,CAoBF,OAAO,CAAC;gBACP,IAAI,EAAE,EAAE;gBACR,KAAK,EAAE,EAAE;aACV;YAvBD,GAAG,CAwBF,cAAc,CAAC,SAAS,CAAC,YAAY;YAxBtC,GAAG,CAyBF,MAAM,CAAC,EAAE;YAzBV,GAAG,CA0BF,MAAM,CAAC;gBACN,MAAM,EAAE,EAAE;aACX;YA5BD,GAAG,CA6BF,KAAK,CAAC,MAAM;;;YA5BX,IAAI,QAAC,IAAI,CAAC,OAAO;;YAAjB,IAAI,CACD,UAAU,CAAC,mBAAmB;YADjC,IAAI,CAED,QAAQ,CAAC,EAAE;YAFd,IAAI,CAGD,SAAS,CAAC,SAAS,CAAC,KAAK;YAH5B,IAAI,CAID,UAAU,CAAC,EAAE;YAJhB,IAAI,CAKD,UAAU,CAAC,GAAG;;QALjB,IAAI;;YAOJ,KAAK,QAAC,IAAI,CAAC,SAAS,CAAC,CAAC,+GAA+B,CAAC,8GAAkC;;YAAxF,KAAK,CACF,KAAK,CAAC,EAAE;YADX,KAAK,CAEF,MAAM,CAAC,EAAE;YAFZ,KAAK,CAGF,OAAO,CAAC,GAAG,EAAE;gBACZ,IAAI,CAAC,SAAS,GAAG,CAAC,IAAI,CAAC,SAAS,CAAC;gBACjC,IAAI,IAAI,CAAC,SAAS,KAAK,IAAI,EAAE;oBAC3B,IAAI,CAAC,OAAO,CAAC,UAAU,CAAC,IAAI,CAAC,OAAO,CAAC,CAAA;iBACtC;qBAAM;oBACL,IAAI,CAAC,OAAO,CAAC,SAAS,EAAE,CAAA;iBACzB;YACH,CAAC;;QAlBL,GAAG;KA8BJ",
    "entry-package-info": "default|1.0.0",
    "package-info": "quickstart|1.0.0"
  },
  "default|quickstart|1.0.0|src/main/ets/view/TutorialView.ts": {
    "version": 3,
    "file": "TutorialView.ets",
    "sourceRoot": "",
    "sources": [
      "features/quickstart/src/main/ets/view/TutorialView.ets"
    ],
    "names": [],
    "mappings": ";;;;IAuDQ,YAAY,GAAE,YAAY;;;IAjDzB,YAAY,GAAE,YAAY,EAAE;IACN,gBAAgB,GAAE,YAAY;IACzB,iBAAiB,GAAE,MAAM;;OARtD,EAAE,cAAc,EAAE,kBAAkB,EAAE;OACtC,EAAE,cAAc,EAAE;cAChB,YAAY,QAAQ,uBAAuB;AAGpD,MAAM,OAAQ,YAAY;IAD1B;;;;;2DAEwC,EAAE;yDAC/B,kBAAkB;0DACd,mBAAmB,EAA8B,kBAAkB,CAAC,EAAE;;;KANhC;;;;;;;;;;;;;;;;;;;;IAInD,iDAAqB,YAAY,EAAE,EAAM;QAAlC,YAAY;;;QAAZ,YAAY,WAAE,YAAY,EAAE;;;IACnC,uDAA+C,YAAY,EAAC;QAA/B,gBAAgB;;;QAAhB,gBAAgB,WAAE,YAAY;;;IAC3D,wDAAqD,MAAM,EAAyB;QAAlD,iBAAiB;;;QAAjB,iBAAiB,WAAE,MAAM;;;IAE3D,aAAa,IAAI,IAAI;QACnB,IAAI,CAAC,uBAAuB,EAAE,CAAA;IAChC,CAAC;IAED,uBAAuB;QACrB,IAAI,CAAC,YAAY,EAAE,CAAC,cAAc,EAAE,EAAE,eAAe,CAAC,iBAAiB,CAAC,mBAAmB,CAAC,CAAC,IAAI,CAAC,KAAK,CAAC,EAAE;YACxG,IAAI,CAAC,YAAY,GAAG,IAAI,CAAC,KAAK,CAAC,cAAc,CAAC,KAAK,CAAC,CAAC,IAAI,YAAY,EAAE,CAAC;QAC1E,CAAC,CAAC,CAAC;IACL,CAAC;IAED;;YACE,MAAM;;YAAN,MAAM,CA2BL,MAAM,CAAC,EAAE,GAAG,EAAE,EAAE,EAAE;YA3BnB,MAAM,CA4BL,UAAU,CAAC,eAAe,CAAC,KAAK;;;YA3B/B,IAAI,QAAC,MAAM;;YAAX,IAAI,CACD,SAAS,CAAC,SAAS;YADtB,IAAI,CAED,QAAQ,CAAC,EAAE;YAFd,IAAI,CAGD,UAAU,CAAC,GAAG;YAHjB,IAAI,CAID,UAAU,CAAC,qBAAqB;YAJnC,IAAI,CAKD,SAAS,CAAC,SAAS,CAAC,KAAK;YAL5B,IAAI,CAMD,OAAO,CAAC,EAAE,IAAI,EAAE,EAAE,EAAE,KAAK,EAAE,EAAE,EAAE;YANlC,IAAI,CAOD,KAAK,CAAC,MAAM;;QAPf,IAAI;;YASJ,IAAI,QAAC,EAAE,KAAK,EAAE,EAAE,EAAE;;YAAlB,IAAI,CAUH,KAAK,CACJ,IAAI,cAAc,CAAC,MAAM,EAAE,EAAE,EAAE,EAAE,CAAC,EAAE,EAAE,EAAE,CAAC,EAAE,EAAE,EAAE,CAAC,EAAE,CAAC,CAAC,QAAQ,CAAC,IAAI,CAAC,iBAAiB,CAAC,EACpF,IAAI,cAAc,CAAC,MAAM,EAAE,EAAE,EAAE,EAAE,CAAC,EAAE,EAAE,EAAE,EAAE,EAAE,EAAE,EAAE,EAAE,EAAE,CAAC,CAAC,QAAQ,CAAC,IAAI,CAAC,iBAAiB,CAAC;YAZxF,IAAI,CAcH,SAAS,CAAC,QAAQ,CAAC,GAAG;YAdvB,IAAI,CAeH,OAAO,CAAC,EAAE,IAAI,EAAE,EAAE,EAAE,KAAK,EAAE,EAAE,EAAE;;;YAd9B,OAAO;;;;;;;;4BACL,QAAQ;;;;;;;;;;;;uCAEH,OAAO,CAAC,GAAG,EAAE;gCACZ,IAAI,CAAC,gBAAgB,CAAC,cAAc,CAAC,eAAe,EAAE,IAAI,CAAC,CAAA;4BAC7D,CAAC;;;;;4DAHH,YAAY,OAAC,EAAE,YAAY,EAAE,IAAI,EAAE;;;;4CAApB,YAAY,EAAE,IAAI;;;;;;;wCAAlB,YAAY,EAAE,IAAI;;;;;;wBADnC,QAAQ;;;oBAAR,QAAQ;;;+CADF,IAAI,CAAC,YAAY,0BAOtB,CAAC,IAAI,EAAE,YAAY,EAAE,EAAE,CAAC,IAAI,CAAC,EAAE;;QAPlC,OAAO;QADT,IAAI;QAVN,MAAM;KA6BP;;;;;AAIH,MAAM,OAAQ,YAAY;IAD1B;;;;;;;;KAFC;;;;yCAIO,YAAY;;;;;;;;;;IAAlB,sDAAoB,YAAY,EAAC;QAA3B,YAAY;;;QAAZ,YAAY,WAAE,YAAY;;;IAEhC;;YACE,GAAG;;YAAH,GAAG,CAkCF,KAAK,CAAC,MAAM;YAlCb,GAAG,CAmCF,MAAM,CAAC,EAAE;YAnCV,GAAG,CAoCF,YAAY,CAAC,EAAE;YApChB,GAAG,CAqCF,eAAe,CAAC,KAAK,CAAC,KAAK;YArC5B,GAAG,CAsCF,OAAO,CAAC,EAAE;YAtCX,GAAG,CAuCF,UAAU,CAAC,aAAa,CAAC,GAAG;;;YAtC3B,MAAM;;YAAN,MAAM,CAsBL,MAAM,CAAC,MAAM;YAtBd,MAAM,CAuBL,YAAY,CAAC,CAAC;YAvBf,MAAM,CAwBL,UAAU,CAAC,eAAe,CAAC,KAAK;YAxBjC,MAAM,CAyBL,MAAM,CAAC,EAAE,KAAK,EAAE,EAAE,EAAE;;;YAxBnB,IAAI,QAAC,IAAI,CAAC,YAAY,CAAC,KAAK;;YAA5B,IAAI,CACD,MAAM,CAAC,EAAE;YADZ,IAAI,CAED,KAAK,CAAC,MAAM;YAFf,IAAI,CAGD,QAAQ,CAAC,EAAE;YAHd,IAAI,CAID,SAAS,CAAC,SAAS,CAAC,KAAK;YAJ5B,IAAI,CAKD,YAAY,CAAC,EAAE,QAAQ,EAAE,YAAY,CAAC,QAAQ,EAAE;YALnD,IAAI,CAMD,QAAQ,CAAC,CAAC;YANb,IAAI,CAOD,UAAU,CAAC,GAAG;YAPjB,IAAI,CAQD,MAAM,CAAC,EAAE,GAAG,EAAE,CAAC,EAAE;;QARpB,IAAI;;YAUJ,IAAI,QAAC,IAAI,CAAC,YAAY,CAAC,KAAK;;YAA5B,IAAI,CACD,MAAM,CAAC,EAAE;YADZ,IAAI,CAED,KAAK,CAAC,MAAM;YAFf,IAAI,CAGD,QAAQ,CAAC,EAAE;YAHd,IAAI,CAID,SAAS,CAAC,SAAS,CAAC,KAAK;YAJ5B,IAAI,CAKD,YAAY,CAAC,EAAE,QAAQ,EAAE,YAAY,CAAC,QAAQ,EAAE;YALnD,IAAI,CAMD,QAAQ,CAAC,CAAC;YANb,IAAI,CAOD,UAAU,CAAC,GAAG;YAPjB,IAAI,CAQD,SAAS,CAAC,oBAAoB;YARjC,IAAI,CASD,MAAM,CAAC,EAAE,GAAG,EAAE,CAAC,EAAE;;QATpB,IAAI;QAXN,MAAM;;YA2BN,KAAK,yCAAI,IAAI,CAAC,YAAY,CAAC,QAAQ;;YAAnC,KAAK,CACF,SAAS,CAAC,QAAQ,CAAC,KAAK;YAD3B,KAAK,CAEF,MAAM,CAAC,EAAE;YAFZ,KAAK,CAGF,KAAK,CAAC,GAAG;YAHZ,KAAK,CAIF,YAAY,CAAC,EAAE;;QAhCpB,GAAG;KAwCJ",
    "entry-package-info": "default|1.0.0",
    "package-info": "quickstart|1.0.0"
  },
  "default|default|1.0.0|src/main/ets/entryability/EntryAbility.ts": {
    "version": 3,
    "file": "EntryAbility.ets",
    "sourceRoot": "",
    "sources": [
      "products/default/src/main/ets/entryability/EntryAbility.ets"
    ],
    "names": [],
    "mappings": "OAgBE,iBAAiB;OACjB,eAAe;OACf,aAAa;cACb,WAAW,IAAX,WAAW;OACX,SAAS;YACT,IAAI;OAEG,KAAK;YACL,MAAM;cACN,aAAa,IAAb,aAAa;AAEtB,MAAM,GAAG,EAAE,MAAM,GAAG,cAAc,CAAC;AAEnC,MAAM,CAAC,OAAO,OAAO,YAAa,SAAQ,SAAS;IACjD,QAAQ,CAAC,IAAI,EAAE,IAAI,EAAE,WAAW,EAAE,eAAe,CAAC,WAAW,GAAG,IAAI;QAClE,KAAK,CAAC,IAAI,CAAC,MAAM,EAAE,SAAS,EAAE,YAAY,EAAE,kBAAkB,CAAC,CAAC;QAChE,IAAI,CAAC,gBAAgB,EAAE,CAAC;QACxB,IAAI,WAAW,CAAC,YAAY,KAAK,eAAe,CAAC,YAAY,CAAC,YAAY,EAAE;YAC1E,IAAI,CAAC,OAAO,CAAC,kBAAkB,CAAC,IAAI,YAAY,EAAE,CAAC,CAAC;SACrD;IACH,CAAC;IAED,KAAK,CAAC,gBAAgB,IAAI,OAAO,CAAC,IAAI,CAAC;QACrC,MAAM,WAAW,EAAE,KAAK,CAAC,WAAW,CAAC,GAAG,CAAC,sCAAsC,CAAC,CAAC;QACjF,MAAM,aAAa,GAAG,iBAAiB,CAAC,eAAe,EAAE,CAAC;QAC1D,IAAI;YACF,MAAM,WAAW,GAAG,aAAa,CAAC,UAAU,CAAC,gCAAgC,CAAC;YAC9E,MAAM,UAAU,GAAG,MAAM,aAAa,CAAC,oBAAoB,CAAC,WAAW,CAAC,CAAC;YACzE,MAAM,WAAW,GAAG,MAAM,aAAa,CAAC,gBAAgB,CAAC,UAAU,CAAC,OAAO,CAAC,aAAa,EAAE,WAAW,CAAC,CAAC,CAAC,CAAC,CAAC;YAE3G,IAAI,WAAW,KAAK,iBAAiB,CAAC,WAAW,CAAC,iBAAiB,EAAE;gBACnE,aAAa,CAAC,0BAA0B,CAAC,IAAI,CAAC,OAAO,EAAE,WAAW,CAAC,CAAC;aACrE;SACF;QAAC,OAAO,GAAG,EAAE;YACZ,OAAO,CAAC,KAAK,CAAC,cAAc,EAAE,kBAAkB,EAAE,cAAc,GAAG,EAAE,CAAC,CAAC;YACvE,OAAO;SACR;IACH,CAAC;IAED,UAAU,CAAC,SAAS,EAAE,MAAM,CAAC,MAAM,EAAE,MAAM,CAAC,GAAG,eAAe,CAAC,gBAAgB,GAAG,OAAO,CAAC,eAAe,CAAC,gBAAgB,CAAC;QACzH,OAAO,eAAe,CAAC,gBAAgB,CAAC,KAAK,CAAC;IAChD,CAAC;IAED,SAAS,IAAI,IAAI;QACf,KAAK,CAAC,IAAI,CAAC,MAAM,EAAE,SAAS,EAAE,YAAY,EAAE,mBAAmB,CAAC,CAAC;IACnE,CAAC;IAED,mBAAmB,CAAC,WAAW,EAAE,MAAM,CAAC,WAAW,GAAG,IAAI;QACxD,yDAAyD;QACzD,KAAK,CAAC,IAAI,CAAC,MAAM,EAAE,SAAS,EAAE,YAAY,EAAE,6BAA6B,CAAC,CAAC;QAC3E,iBAAiB,CAAC,WAAW,EAAE,IAAI,CAAC,OAAO,CAAC,CAAC;QAC7C,WAAW,CAAC,WAAW,CAAC,aAAa,EAAE,CAAC,GAAG,EAAE,IAAI,EAAE,EAAE;YACnD,IAAI,GAAG,CAAC,IAAI,EAAE;gBACZ,KAAK,CAAC,KAAK,CAAC,MAAM,EAAE,SAAS,EAAE,+CAA+C,EAAE,IAAI,CAAC,SAAS,CAAC,GAAG,CAAC,IAAI,EAAE,CAAC,CAAC;gBAC3G,OAAO;aACR;YACD,IAAI,WAAW,GAAG,WAAW,CAAC,iBAAiB,EAAE,CAAC;YAClD,UAAU,CAAC,WAAW,CAAC,WAAW,EAAC,WAAW,CAAC,YAAY,EAAE,CAAC,CAAC;YAC/D,KAAK,CAAC,IAAI,CAAC,MAAM,EAAE,SAAS,EAAE,oDAAoD,EAAE,IAAI,CAAC,SAAS,CAAC,IAAI,CAAC,IAAI,EAAE,CAAC,CAAC;QAClH,CAAC,CAAC,CAAC;IACL,CAAC;IAED,oBAAoB,IAAI,IAAI;QAC1B,yDAAyD;QACzD,KAAK,CAAC,IAAI,CAAC,MAAM,EAAE,SAAS,EAAE,YAAY,EAAE,8BAA8B,CAAC,CAAC;IAC9E,CAAC;IAED,YAAY,IAAI,IAAI;QAClB,oCAAoC;QACpC,KAAK,CAAC,IAAI,CAAC,MAAM,EAAE,SAAS,EAAE,YAAY,EAAE,sBAAsB,CAAC,CAAC;IACtE,CAAC;IAED,YAAY,IAAI,IAAI;QAClB,iCAAiC;QACjC,KAAK,CAAC,IAAI,CAAC,MAAM,EAAE,SAAS,EAAE,YAAY,EAAE,sBAAsB,CAAC,CAAC;IACtE,CAAC;CACF;AAED,SAAS,iBAAiB,CAAC,WAAW,EAAE,MAAM,CAAC,WAAW,EAAE,OAAO,EAAE,OAAO,GAAG,IAAI;IACjF,WAAW,CAAC,aAAa,CAAC,CAAC,GAAG,EAAE,aAAa,EAAE,IAAI,EAAE,MAAM,CAAC,MAAM,EAAE,EAAE;QACpE,IAAI,GAAG,CAAC,IAAI,EAAE;YACZ,OAAO;SACR;QACD,IAAI,WAAW,EAAE,MAAM,CAAC,MAAM,GAAG,IAAI,CAAC;QACtC,WAAW,CAAC,yBAAyB,CAAC,IAAI,CAAC,CAAC;IAC9C,CAAC,CAAC,CAAC;AACL,CAAC",
    "entry-package-info": "default|1.0.0"
  },
  "default|default|1.0.0|src/main/ets/entrybackupability/EntryBackupAbility.ts": {
    "version": 3,
    "file": "EntryBackupAbility.ets",
    "sourceRoot": "",
    "sources": [
      "products/default/src/main/ets/entrybackupability/EntryBackupAbility.ets"
    ],
    "names": [],
    "mappings": "OAAS,KAAK;OACL,sBAAsB;cAAE,aAAa,IAAb,aAAa;AAE9C,MAAM,CAAC,OAAO,OAAO,kBAAmB,SAAQ,sBAAsB;IACpE,KAAK,CAAC,QAAQ;QACZ,KAAK,CAAC,IAAI,CAAC,MAAM,EAAE,SAAS,EAAE,aAAa,CAAC,CAAC;IAC/C,CAAC;IAED,KAAK,CAAC,SAAS,CAAC,aAAa,EAAE,aAAa;QAC1C,KAAK,CAAC,IAAI,CAAC,MAAM,EAAE,SAAS,EAAE,yBAAyB,EAAE,IAAI,CAAC,SAAS,CAAC,aAAa,CAAC,CAAC,CAAC;IAC1F,CAAC;CACF",
    "entry-package-info": "default|1.0.0"
  },
  "default|default|1.0.0|src/main/ets/pages/Index.ts": {
    "version": 3,
    "file": "Index.ets",
    "sourceRoot": "",
    "sources": [
      "products/default/src/main/ets/pages/Index.ets"
    ],
    "names": [],
    "mappings": ";;;;IAQoC,iBAAiB,GAAE,MAAM;IACpD,YAAY,GAAE,MAAM;IACnB,cAAc,GAAE,cAAc;IAC9B,gBAAgB,GAAE,gBAAgB;;OAXrC,EAAE,cAAc,EAAE;OAClB,EAAE,YAAY,EAAE;OAChB,EAAE,cAAc,EAAE;OAClB,EAAE,gBAAgB,EAAE,kBAAkB,EAAE;MAIxC,KAAK;IAFZ;;;;;0DAGe,mBAAmB,EAA8B,kBAAkB,CAAC,EAAE;2DACrD,CAAC;8BACU,IAAI,cAAc,EAAE;gCAChB,IAAI,gBAAgB,EAAE;;;KARR;;;;;;;;;;;;;;;;;;;;;;;;IAK3D,wDAAqD,MAAM,EAAyB;QAAlD,iBAAiB;;;QAAjB,iBAAiB,WAAE,MAAM;;;IAC3D,iDAAqB,MAAM,EAAK;QAAzB,YAAY;;;QAAZ,YAAY,WAAE,MAAM;;;IAC3B,OAAO,iBAAiB,cAAc,CAAwB;IAC9D,OAAO,mBAAmB,gBAAgB,CAA0B;IAEpE,aAAa;QACX,IAAI,CAAC,gBAAgB,CAAC,QAAQ,EAAE,CAAC;IACnC,CAAC;IAED,gBAAgB;QACd,IAAI,CAAC,gBAAgB,CAAC,UAAU,EAAE,CAAC;IACrC,CAAC;IAGD,aAAa,CAAC,KAAK,EAAE,MAAM,EAAE,WAAW,EAAE,MAAM,EAAE,YAAY,EAAE,QAAQ,EAAE,YAAY,EAAE,QAAQ;;YAC9F,MAAM;;YAAN,MAAM,CAYL,KAAK,CAAC,MAAM;YAZb,MAAM,CAaL,MAAM,CAAC,MAAM;YAbd,MAAM,CAcL,cAAc,CAAC,SAAS,CAAC,MAAM;YAdhC,MAAM,CAeL,UAAU,CAAC,eAAe,CAAC,MAAM;YAflC,MAAM,CAgBL,OAAO,CAAC,GAAG,EAAE;gBACZ,IAAI,CAAC,YAAY,GAAG,WAAW,CAAC;gBAChC,IAAI,CAAC,cAAc,CAAC,WAAW,CAAC,WAAW,CAAC,CAAC;YAC/C,CAAC;;;YAlBC,KAAK,QAAC,IAAI,CAAC,YAAY,KAAK,WAAW,CAAC,CAAC,CAAC,YAAY,CAAC,CAAC,CAAC,YAAY;;YAArE,KAAK,CACF,KAAK,CAAC,EAAE;YADX,KAAK,CAEF,MAAM,CAAC,EAAE;;;YACZ,IAAI,QAAC,KAAK;;YAAV,IAAI,CACD,UAAU,CAAC,qBAAqB;YADnC,IAAI,CAED,QAAQ,CAAC,EAAE;YAFd,IAAI,CAGD,SAAS,CAAC,IAAI,CAAC,YAAY,KAAK,WAAW,CAAC,CAAC,CAAC,SAAS,CAAC,CAAC,CAAC,kBAAkB;YAH/E,IAAI,CAID,SAAS,CAAC,SAAS,CAAC,MAAM;YAJ7B,IAAI,CAKD,UAAU,CAAC,EAAE;YALhB,IAAI,CAMD,UAAU,CAAC,GAAG;;QANjB,IAAI;QAJN,MAAM;KAoBP;IAED;;YACE,IAAI,QAAC;gBACH,WAAW,EAAE,IAAI,CAAC,iBAAiB,KAAK,kBAAkB,CAAC,EAAE,CAAC,CAAC;oBAC/D,WAAW,CAAC,KAAK,CAAC,CAAC;oBACnB,WAAW,CAAC,GAAG;gBACf,UAAU,EAAE,IAAI,CAAC,cAAc;aAChC;;YALD,IAAI,CAqBH,QAAQ,CAAC,IAAI,CAAC,iBAAiB,KAAK,kBAAkB,CAAC,EAAE,CAAC,CAAC,CAAC,IAAI,CAAC,CAAC,CAAC,KAAK;YArBzE,IAAI,CAsBH,OAAO,CAAC;gBACP,WAAW,EAAE,GAAG;gBAChB,KAAK,EAAE,WAAW;aACnB;YAzBD,IAAI,CA0BH,UAAU,CAAC,KAAK;YA1BjB,IAAI,CA2BH,eAAe,CAAC,SAAS;YA3B1B,IAAI,CA4BH,OAAO,CAAC,EAAE,GAAG,EAAE,EAAE,EAAE,MAAM,EAAE,EAAE,EAAE;;;;;;;oDArB5B,cAAc;;;;;;;;;;;;;uBAEf,MAAM;oBAAC,IAAI,CAAC,aAAa,YAAC,MAAM,EAAE,CAAC;;;;;;;;;;oDAGlC,cAAc;;;;;;;;;;;;;uBAEf,MAAM;oBAAC,IAAI,CAAC,aAAa,YAAC,MAAM,EAAE,CAAC;;;;;;;;;;oDAGlC,YAAY;;;;;;;;;;;;;uBAEb,MAAM;oBAAC,IAAI,CAAC,aAAa,YAAC,MAAM,EAAE,CAAC;;;;;QAnBtC,IAAI;KA6BL",
    "entry-package-info": "default|1.0.0"
  }
}